類別	代碼	名稱	法人進出	"人壽金控
進出"	"400張以上
增減"	"千張以上
增減"	"內部大戶
增減"	"400張以上
增減占比"	"千張以上
增減占比"	"內部大戶
增減占比"	"內部大戶
買賣超"	外資	投信	"內部大戶
半年內持股"	"內部大戶
半年內持股水位"	價位示警	股價	股價漲幅	放空/底部訊號	"半年內
股價水位"
紡織	1402	遠東新	-14770.0	-2374.0	-12168.0	-14988	2156	-0.23%	-0.28%	0.04%	賣轉買	連二週賣超	連三週買超		73%		26.4	-3.12%	2019/11/15	57.56%
紡織	1409	新纖	-4934.0	0.0	-5509.0	-4046	888	-0.34%	-0.25%	0.05%	連三週買超	連三週賣超		創新高	100%		10.85	-6.06%		49.76%
紡織	1434	福懋	-32.0	0.0	328.0	842	874	0.02%	0.05%	0.05%	連二週買超	賣轉買		創新高	100%	突破5日均價	33.9	0.89%		83.80%
紡織	1440	南紡	-723.0	0.0	-317.0	1491	2215	-0.02%	0.09%	0.13%	連二週買超	連二週賣超			50%		8.61	-1.71%		34.23%
紡織	1444	力麗	-1125.0	0.0	-25.0	-287	838	-0.00%	-0.03%	0.09%	連三週買超	連二週賣超		創新高	100%		6.68	-2.48%		21.08%
紡織	1447	力鵬	-437.0	0.0	618.0	-731	-294	0.07%	-0.08%	-0.03%	買轉賣	連二週賣超			98%		5.71	-3.71%		45.80%
紡織	1449	佳和	54.0	0.0	928.0	882	838	0.52%	0.49%	0.47%	賣轉買	連三週買超			12%		13.95	-9.71%		81.44%
紡織	1460	宏遠	-1051.0	0.0	-3013.0	-2090	-1049	-0.59%	-0.41%	-0.21%	買轉賣	連三週賣超			42%		7.61	-11.92%		50.09%
紡織	1464	得力	-545.0	0.0	-768.0	-346	145	-0.20%	-0.09%	0.04%	賣轉買	連二週賣超			36%		20.25	-2.41%		37.50%
紡織	1477	聚陽	-306.0	95.0	-39.0	1055	56	-0.02%	0.48%	0.03%	連三週買超	連三週賣超	連二週買超	創新高	100%	突破5日均價	118.5	0.42%		28.27%
紡織	4414	如興	-916.0	0.0	-775.0	-1535	-619	-0.09%	-0.17%	-0.07%	買轉賣	連二週賣超			86%		8.51	-7.50%	2020/03/06	22.06%
電機	1504	東元	-4395.0	0.0	2217.0	2754	7149	0.11%	0.14%	0.36%	連三週買超	連三週賣超	連三週買超	創新高	100%	突破5日均價	26.95	1.89%		81.44%
電機	1513	中興電	1209.0	277.0	-527.0	2813	1442	-0.13%	0.67%	0.34%	賣轉買	連三週買超	連二週買超		66%	突破5日均價	27.55	5.96%		87.22%
電機	1514	亞力	384.0	0.0	1282.0	952	640	0.62%	0.46%	0.31%	連二週買超	賣轉買			60%	突破10日均價	20.1	0.25%		76.74%
電機	1515	力山	-3.0	-62.0	-2135.0	-3992	-2070	-1.18%	-2.20%	-1.14%	連三週賣超	賣轉買	買轉賣		50%		68.5	-8.42%		68.13%
電機	1519	華城	178.0	0.0	-670.0	-26	-173	-0.26%	-0.01%	-0.07%	連三週賣超	賣轉買			44%		25.9	-7.99%		49.79%
電機	1560	中砂	-188.0	0.0	26.0	-14	157	0.02%	-0.01%	0.11%	賣轉買	連二週賣超	連二週買超		47%	突破10日均價	60.2	0.84%		52.80%
電機	1589	永冠-KY	69.0	0.0	-321.0	31	-368	-0.30%	0.03%	-0.35%	連二週賣超	賣轉買			93%		59.3	-4.51%		53.37%
電機	1590	亞德客-KY	139.0	-4.0	-568.0	-812	-564	-0.30%	-0.43%	-0.30%	買轉賣	連三週買超	買轉賣		37%	突破5日均價	555.0	-1.07%		90.34%
電機	2049	上銀	1737.0	0.0	623.0	1393	36	0.20%	0.45%	0.01%	賣轉買	連三週買超	買轉賣		37%		283.5	-2.24%		68.87%
電機	2371	大同	-4014.0	0.0	-2418.0	-2573	1440	-0.10%	-0.11%	0.06%	賣轉買	連二週賣超			3%		20.5	-5.96%		52.94%
電機	4564	元翎	-319.0	0.0	-252.0	-1062	-814	-0.14%	-0.59%	-0.45%	買轉賣	連二週賣超			4%		30.05	-6.39%		23.51%
電機	8996	高力	-931.0	14.0	-994.0	134	-384	-1.11%	0.15%	-0.43%	買轉賣	連二週賣超	買轉賣	創新低	0%		62.5	-4.87%		51.14%
化學	1710	東聯	-1934.0	0.0	-1624.0	-2745	-812	-0.18%	-0.31%	-0.09%	連三週賣超	買轉賣		創新低	0%		16.3	-3.83%		33.15%
化學	1712	興農	-1170.0	0.0	-267.0	-336	745	-0.06%	-0.08%	0.18%	連二週買超	連二週賣超		創新高	100%		18.05	-1.37%		58.54%
化學	1714	和桐	1333.0	0.0	-385.0	2033	701	-0.04%	0.20%	0.07%	賣轉買	賣轉買			84%		7.08	-5.73%		65.20%
化學	1717	長興	-1172.0	-152.0	-2034.0	-1488	-164	-0.16%	-0.12%	-0.01%	連三週賣超	連二週賣超			94%	突破5日均價	29.3	2.09%		100.00%
化學	1718	中纖	-3401.0	0.0	-2152.0	-3404	-4	-0.13%	-0.21%	-0.00%	買轉賣	連二週賣超			2%		6.13	-4.07%		39.34%
化學	1722	台肥	3211.0	0.0	6795.0	-98	-3309	0.69%	-0.01%	-0.34%	買轉賣	賣轉買	連三週買超		36%	突破5日均價	48.95	4.04%		86.76%
化學	1730	花仙子	-154.0	0.0	619.0	1378	717	0.98%	2.18%	1.13%	連二週買超	連三週賣超		創新高	100%	突破10日均價	70.0	1.60%		44.85%
化學	1732	毛寶	-67.0	0.0	323.0	-89	-42	0.76%	-0.21%	-0.10%	買轉賣	買轉賣			65%		30.65	-6.70%		69.54%
化學	3708	上緯投控	743.0	0.0	-353.0	-1037	-820	-0.38%	-1.11%	-0.88%	連二週賣超	連三週買超			18%	突破5日均價	84.0	1.45%		90.61%
化學	4725	信昌化	-216.0	0.0	-266.0	2014	2204	-0.09%	0.69%	0.75%	賣轉買	買轉賣			11%		8.49	-5.25%		24.41%
生技醫療	1701	中化	-1079.0	2.0	513.0	1371	2293	0.17%	0.46%	0.77%	連二週買超	連二週賣超			47%		21.25	-0.47%		80.71%
生技醫療	1720	生達	569.0	0.0	745.0	411	-22	0.42%	0.23%	-0.01%	買轉賣	賣轉買			99%		38.75	-3.37%		67.49%
生技醫療	1731	美吾華	17.0	0.0	1184.0	-996	-1010	0.89%	-0.75%	-0.76%	買轉賣	賣轉買			50%		13.65	-2.50%		64.04%
生技醫療	1733	五鼎	-26.0	0.0	130.0	199	219	0.13%	0.20%	0.22%	賣轉買	買轉賣			7%	突破5日均價	25.05	7.28%		63.52%
生技醫療	1734	杏輝	-130.0	0.0	165.0	67	170	0.10%	0.04%	0.10%	賣轉買	連二週賣超			6%		20.3	-1.69%		53.68%
生技醫療	1736	喬山	-2150.0	0.0	-2389.0	151	-701	-0.79%	0.05%	-0.23%	買轉賣	連二週賣超	連三週賣超		43%		58.5	-7.29%		31.23%
生技醫療	1762	中化生	500.0	0.0	1641.0	-1489	-1820	2.12%	-1.92%	-2.35%	連三週賣超	買轉賣	連三週買超	創新低	0%	突破10日均價	64.0	15.11%		88.32%
生技醫療	1789	神隆	-1875.0	0.0	-2799.0	-237	1638	-0.35%	-0.03%	0.21%	連二週買超	連三週賣超		創新高	100%		30.9	0.65%		54.33%
生技醫療	1795	美時	-938.0	0.0	-1573.0	-364	-896	-0.65%	-0.15%	-0.37%	連三週賣超	連二週賣超		創新低	0%		75.0	-3.10%		41.74%
生技醫療	4119	旭富	4.0	0.0	51.0	0	48	0.06%	0.00%	0.06%	賣轉買	賣轉買	連二週買超		22%	突破5日均價	139.0	-0.71%		86.68%
生技醫療	4133	亞諾法	3140.0	0.0	3927.0	4511	2398	6.49%	7.45%	3.96%	連三週買超	連二週買超			42%	突破5日均價	53.7	15.86%		91.03%
生技醫療	4137	麗豐-KY	-137.0	0.0	357.0	-79	414	0.45%	-0.10%	0.52%	連三週買超	連三週賣超		創新高	100%		186.0	-6.06%		34.31%
生技醫療	4142	國光	5452.0	0.0	-11438.0	-5684	-10415	-2.80%	-1.39%	-2.55%	買轉賣	賣轉買			38%	突破5日均價	43.35	14.83%		100.00%
生技醫療	4190	佐登-KY	-2.0	0.0	623.0	0	624	1.02%	0.00%	1.02%	連二週買超	連二週賣超	連二週買超		74%		81.1	-8.98%		32.56%
生技醫療	4746	台耀	-2992.0	43.0	-4484.0	-2989	-933	-4.14%	-2.76%	-0.86%	連二週賣超	買轉賣	買轉賣		80%		51.2	-3.94%		67.84%
生技醫療	6452	康友-KY	-430.0	0.0	228.0	1200	445	0.23%	1.20%	0.45%	賣轉買	連二週賣超			5%		147.5	-6.65%	2020/05/15	12.54%
生技醫療	6541	泰福-KY	9.0	12.0	0.0	0	-19	0.00%	0.00%	-0.01%	連二週賣超	連三週買超			19%		38.45	-3.27%		45.92%
汽車	1319	東陽	-1190.0	0.0	921.0	-1774	-612	0.16%	-0.30%	-0.10%	連三週賣超	連二週賣超	連二週買超	創新低	0%		34.8	1.31%	2019/11/29	38.76%
汽車	1339	昭輝	-3.0	0.0	-98.0	0	2	-0.13%	0.00%	0.00%	連二週買超	連二週賣超		創新高	100%		38.4	-3.76%		32.96%
汽車	1522	堤維西	-275.0	0.0	-126.0	-31	205	-0.04%	-0.01%	0.07%	賣轉買	連二週賣超			91%		22.8	-4.20%		45.30%
汽車	1536	和大	318.0	293.0	-350.0	1606	-863	-0.14%	0.63%	-0.34%	買轉賣	連二週賣超	連二週買超		47%		92.1	-4.26%		40.73%
汽車	1592	英瑞-KY	-456.0	0.0	-1010.0	532	890	-0.91%	0.48%	0.80%	連二週買超	連二週賣超			33%		10.55	-10.97%		1.47%
汽車	2201	裕隆	-4565.0	0.0	244.0	-786	3778	0.02%	-0.05%	0.24%	賣轉買	連二週賣超	連二週賣超		74%	突破5日均價	16.9	3.36%		34.51%
汽車	2204	中華	-1014.0	-7.0	-325.0	553	1535	-0.06%	0.10%	0.28%	連三週買超	連三週賣超		創新高	100%	突破5日均價	32.45	6.22%		44.86%
汽車	2206	三陽工業	-779.0	0.0	-248.0	-682	96	-0.03%	-0.08%	0.01%	連二週買超	連二週賣超			88%	突破10日均價	19.8	0.00%		18.75%
汽車	4551	智伸科	-1254.0	7.0	-547.0	42	150	-0.52%	0.04%	0.14%	賣轉買	買轉賣	買轉賣		71%		120.5	-16.03%		36.84%
汽車	6288	聯嘉	611.0	0.0	683.0	2173	1686	0.40%	1.27%	0.99%	賣轉買	賣轉買			24%		18.65	-4.85%		34.56%
半導體	2303	聯電	-24988.0	489.0	-20132.0	-26889	-2390	-0.16%	-0.22%	-0.02%	連二週賣超	買轉賣	買轉賣		86%		15.4	-1.60%		52.24%
半導體	2329	華泰	-4343.0	0.0	-1218.0	1114	5458	-0.22%	0.20%	0.98%	連三週買超	買轉賣		創新高	100%		11.5	-8.73%		41.60%
半導體	2330	台積電	-62990.0	2970.0	-41039.0	-46674	18981	-0.16%	-0.18%	0.07%	連二週買超	連二週賣超	連二週買超		78%	突破5日均價	298.0	0.17%		51.02%
半導體	2337	旺宏	-51711.0	0.0	-62871.0	-56669	-4958	-3.42%	-3.08%	-0.27%	連二週賣超	買轉賣	買轉賣		62%		32.5	-9.60%	2019/11/22	55.44%
半導體	2338	光罩	11.0	0.0	-5863.0	-4093	-4103	-2.32%	-1.62%	-1.62%	連三週賣超	連二週買超		創新低	0%		26.9	-17.48%		40.06%
半導體	2342	茂矽	394.0	0.0	1253.0	2360	2055	0.80%	1.51%	1.31%	連三週買超	賣轉買			47%	突破10日均價	28.1	13.08%		81.75%
半導體	2344	華邦電	-20177.0	0.0	-18584.0	-25472	-5295	-0.47%	-0.64%	-0.13%	買轉賣	連二週賣超	連二週賣超		86%		12.9	-4.44%		29.58%
半導體	2351	順德	249.0	0.0	-1676.0	-437	-1863	-0.92%	-0.24%	-1.02%	連三週賣超	賣轉買		創新低	0%		43.95	-2.77%		28.92%
半導體	2363	矽統	-4308.0	0.0	-4705.0	-2659	1649	-0.85%	-0.48%	0.30%	賣轉買	買轉賣			17%	突破5日均價	11.75	1.29%		96.85%
半導體	2369	菱生	-716.0	0.0	-2016.0	-1482	-823	-0.53%	-0.39%	-0.22%	連三週賣超	買轉賣			51%		9.41	-5.62%		51.05%
半導體	2379	瑞昱	2246.0	-556.0	-1399.0	1225	-1998	-0.27%	0.24%	-0.39%					38%		245.5	-2.00%		83.50%
半導體	2388	威盛	-478.0	0.0	-1128.0	147	597	-0.23%	0.03%	0.12%	賣轉買	買轉賣	連二週賣超		99%		27.7	-9.48%		54.46%
半導體	2401	凌陽	-1015.0	0.0	-1716.0	-887	127	-0.29%	-0.15%	0.02%	連二週買超	買轉賣			64%		10.15	-1.93%		40.87%
半導體	2408	南亞科	-17125.0	-116.0	-21454.0	-22752	-4213	-0.70%	-0.74%	-0.14%	買轉賣	連二週賣超	買轉賣		95%		60.1	-5.80%		36.30%
半導體	2436	偉詮電	169.0	0.0	-519.0	-462	-596	-0.29%	-0.26%	-0.33%	買轉賣	連二週買超			49%		25.25	-3.44%		70.06%
半導體	2441	超豐	-456.0	0.0	-334.0	-910	-478	-0.06%	-0.16%	-0.08%	買轉賣	連二週賣超	連二週買超		98%		44.1	-3.29%		67.39%
半導體	2449	京元電子	1515.0	12.0	217.0	1222	-304	0.02%	0.10%	-0.02%	買轉賣	賣轉買	賣轉買		88%		35.55	-2.20%		60.10%
半導體	2451	創見	-888.0	0.0	47.0	-986	780	0.01%	-0.23%	0.18%	連二週買超	連三週賣超	連三週買超	創新高	100%		69.0	-1.71%		17.16%
半導體	2454	聯發科	3917.0	-893.0	-1983.0	-1908	-3922	-0.12%	-0.12%	-0.25%	連三週賣超	連三週買超	連三週買超	創新低	0%	突破10日均價	411.0	-0.12%		73.46%
半導體	2458	義隆	-3109.0	0.0	-2826.0	3342	-590	-0.93%	1.10%	-0.19%	連三週賣超	連二週買超	連三週賣超		49%		91.5	-7.39%		74.65%
半導體	2481	強茂	-802.0	0.0	-99.0	-865	-168	-0.03%	-0.26%	-0.05%	連二週賣超	買轉賣	買轉賣		16%		23.25	-6.63%		62.42%
半導體	3006	晶豪科	5848.0	0.0	5106.0	4372	-351	1.79%	1.53%	-0.12%	連二週賣超	連三週買超	買轉賣		3%	突破5日均價	42.6	0.24%		96.87%
半導體	3014	聯陽	732.0	0.0	1084.0	-2754	-3281	0.67%	-1.71%	-2.04%	買轉賣	連三週買超			36%	突破5日均價	54.9	1.67%		97.19%
半導體	3016	嘉晶	1203.0	-11.0	1619.0	439	-475	0.59%	0.16%	-0.17%	買轉賣	賣轉買			15%	突破5日均價	59.0	13.03%		100.00%
半導體	3034	聯詠	2613.0	0.0	1976.0	791	287	0.32%	0.13%	0.05%	連三週買超	賣轉買	連三週買超	創新高	100%	突破10日均價	204.0	0.25%		60.47%
半導體	3035	智原	-727.0	-48.0	-864.0	-1367	-240	-0.35%	-0.55%	-0.10%	連三週賣超	買轉賣	連二週賣超	創新低	0%		41.35	-3.95%		39.55%
半導體	3041	揚智	572.0	0.0	1970.0	173	-290	1.02%	0.09%	-0.15%	連二週賣超	連三週買超			1%	突破5日均價	17.05	1.79%		61.26%
半導體	3094	聯傑	-54.0	0.0	51.0	0	40	0.06%	0.00%	0.05%	賣轉買	買轉賣			88%	突破10日均價	17.7	2.61%		55.20%
半導體	3189	景碩	2508.0	0.0	2384.0	90	-2102	0.53%	0.02%	-0.47%	買轉賣	連三週買超	連三週賣超	創新低	0%		50.7	-4.88%		78.76%
半導體	3413	京鼎	151.0	0.0	1178.0	33	1108	1.42%	0.04%	1.34%	連三週買超	連二週買超	買轉賣		89%		166.0	-4.32%		63.85%
半導體	3443	創意	-1770.0	-393.0	-2327.0	-964	-1252	-1.74%	-0.72%	-0.93%	連三週賣超	買轉賣	連三週賣超		2%		216.0	-2.92%		48.98%
半導體	3530	晶相光	-278.0	0.0	24.0	-999	198	0.03%	-1.28%	0.25%	賣轉買	連三週賣超			2%		80.0	-9.40%		35.94%
半導體	3532	台勝科	39.0	-1.0	-228.0	-387	-251	-0.06%	-0.10%	-0.06%	連三週賣超	連三週買超			34%		152.0	-5.88%		82.41%
半導體	3545	敦泰	-17722.0	0.0	-22530.0	-27357	-12513	-7.51%	-9.12%	-4.17%	連三週賣超	買轉賣			56%		31.2	-12.11%		61.73%
半導體	3583	辛耘	-83.0	0.0	-27.0	0	30	-0.03%	0.00%	0.04%	賣轉買	買轉賣			43%		46.05	-4.26%		34.54%
半導體	3588	通嘉	16.0	0.0	-938.0	-1251	-1263	-2.00%	-2.67%	-2.69%	連三週賣超	連二週買超		創新低	0%		29.55	-6.04%		72.76%
半導體	3661	世芯-KY	1330.0	0.0	557.0	1509	310	0.91%	2.47%	0.51%	賣轉買	連三週買超	連二週賣超		12%	突破5日均價	297.5	9.17%		100.00%
半導體	3711	日月光投控	-753.0	-989.0	4189.0	6941	5931	0.10%	0.16%	0.14%	連二週買超	連二週賣超	連二週賣超	創新高	100%		66.4	-1.78%		46.02%
半導體	4919	新唐	-1860.0	-35.0	-2815.0	-603	959	-0.98%	-0.21%	0.33%	賣轉買	買轉賣	連二週買超		9%		36.0	-8.05%		41.51%
半導體	4961	天鈺	-387.0	0.0	-242.0	0	301	-0.15%	0.00%	0.18%	賣轉買	買轉賣			7%		26.3	-5.57%		33.73%
半導體	4967	十銓	-718.0	0.0	-367.0	498	1006	-0.54%	0.73%	1.47%	賣轉買	買轉賣			20%		37.85	-11.67%		60.30%
半導體	4968	立積	-197.0	0.0	661.0	950	749	1.06%	1.53%	1.21%	賣轉買	連二週賣超	連三週買超		25%		165.0	-2.94%		47.16%
半導體	5269	祥碩	1062.0	17.0	287.0	-1218	270	0.48%	-2.03%	0.45%	賣轉買	連三週買超	賣轉買		6%	突破5日均價	1050.0	21.25%	2020/05/08	100.00%
半導體	5285	界霖	-160.0	0.0	-628.0	-103	-513	-0.67%	-0.11%	-0.55%	買轉賣	買轉賣		創新低	0%		40.85	-8.00%		17.15%
半導體	5305	敦南	772.0	0.0	-37.0	1593	957	-0.01%	0.51%	0.31%	連二週買超	連三週買超	買轉賣		20%	突破5日均價	41.45	0.73%		94.44%
半導體	6202	盛群	-2415.0	0.0	-1768.0	-904	6	-0.78%	-0.40%	0.00%	連二週買超	連三週賣超			57%		64.2	-2.87%		48.42%
半導體	6239	力成	-281.0	833.0	2462.0	857	1891	0.32%	0.11%	0.24%	連二週買超	連三週賣超	連三週買超		38%		102.5	-3.30%		70.59%
半導體	6257	矽格	1564.0	0.0	1493.0	295	-1091	0.35%	0.07%	-0.26%	買轉賣	連二週買超			84%		37.2	-1.98%		90.74%
半導體	6271	同欣電	-4843.0	927.0	-2011.0	-1322	-222	-1.22%	-0.80%	-0.13%	買轉賣	連二週賣超	連三週買超		25%	突破5日均價	136.0	0.74%	2020/04/10	60.59%
半導體	6415	矽力-KY	201.0	-10.0	-1307.0	-201	-1297	-1.43%	-0.22%	-1.41%	買轉賣	連三週買超			49%	突破5日均價	1470.0	14.84%		100.00%
半導體	6451	訊芯-KY	-47.0	-38.0	331.0	0	396	0.31%	0.00%	0.37%	賣轉買	連二週買超			4%		104.0	-8.37%		32.36%
半導體	6531	愛普	82.0	0.0	-634.0	-1072	-659	-0.86%	-1.45%	-0.89%	買轉賣	連三週買超			39%	突破5日均價	238.0	20.81%		100.00%
半導體	6533	晶心科	70.0	0.0	-10.0	-4	-49	-0.02%	-0.01%	-0.11%	連二週賣超	賣轉買			18%		101.5	-3.33%		51.38%
半導體	6552	易華電	-929.0	5.0	-579.0	0	48	-0.58%	0.00%	0.05%	賣轉買	連三週賣超			1%		59.5	-1.16%		37.64%
半導體	8016	矽創	-369.0	0.0	424.0	396	618	0.35%	0.33%	0.51%	賣轉買	連二週賣超	連三週賣超		48%		142.0	-4.38%		47.13%
半導體	8028	昇陽半導體	-2210.0	0.0	-499.0	13	1093	-0.38%	0.01%	0.83%	賣轉買	連二週賣超			12%		47.75	-7.10%		26.85%
半導體	8081	致新	1098.0	-14.0	-509.0	2602	-1060	-0.59%	3.02%	-1.23%	買轉賣	連三週買超	買轉賣		76%	突破5日均價	139.0	-1.77%		95.50%
半導體	8110	華東	-319.0	0.0	1806.0	151	464	0.36%	0.03%	0.09%	連三週買超	連三週賣超		創新高	100%		9.9	-2.94%		58.99%
半導體	8131	福懋科	-525.0	0.0	-517.0	574	1045	-0.12%	0.13%	0.24%	連三週買超	買轉賣	連二週買超	創新高	100%		37.3	-0.53%		66.41%
半導體	8150	南茂	4126.0	49.0	3989.0	2472	-1703	0.55%	0.34%	-0.23%	買轉賣	賣轉買			8%		30.8	-4.35%		47.45%
半導體	8261	富鼎	3.0	0.0	-644.0	0	-2	-0.79%	0.00%	-0.00%	連三週賣超	連三週買超			52%		24.3	-4.33%		58.36%
半導體	8271	宇瞻	1831.0	0.0	1423.0	1150	-140	1.41%	1.14%	-0.14%	連三週賣超	連三週買超			36%	突破5日均價	47.95	-1.54%		94.40%
電腦週邊	2301	光寶科	-1375.0	1470.0	2727.0	470	375	0.12%	0.02%	0.02%	連二週買超	連二週賣超	連三週買超	創新高	100%		46.1	-1.81%		60.58%
電腦週邊	2324	仁寶	-4734.0	522.0	-1659.0	-5729	-1517	-0.04%	-0.13%	-0.03%	連三週賣超	連二週賣超	連三週買超		33%		18.45	-1.86%		81.94%
電腦週邊	2352	佳世達	-7441.0	0.0	-5910.0	-7867	-426	-0.30%	-0.40%	-0.02%	買轉賣	連三週賣超	賣轉買		91%		16.25	-2.11%		28.80%
電腦週邊	2353	宏碁	1268.0	0.0	2721.0	5227	3959	0.09%	0.17%	0.13%	連二週買超	賣轉買			99%	突破10日均價	16.25	-0.61%		56.60%
電腦週邊	2356	英業達	2639.0	-255.0	2742.0	717	-1667	0.08%	0.02%	-0.05%	買轉賣	賣轉買	買轉賣		98%	突破5日均價	23.6	0.64%		97.98%
電腦週邊	2357	華碩	807.0	0.0	3419.0	3490	2848	0.46%	0.47%	0.38%	連二週買超	賣轉買	連二週賣超	創新高	100%	突破5日均價	207.0	3.24%		51.77%
電腦週邊	2362	藍天	-418.0	0.0	337.0	-937	-519	0.05%	-0.14%	-0.08%	買轉賣	連二週賣超			98%		29.75	-0.17%		27.60%
電腦週邊	2376	技嘉	12766.0	2106.0	13119.0	12713	-1025	2.06%	2.00%	-0.16%	買轉賣	賣轉買	賣轉買		95%	突破5日均價	62.4	20.00%		100.00%
電腦週邊	2377	微星	9346.0	102.0	3455.0	-2281	-5669	0.41%	-0.27%	-0.67%	買轉賣	連三週買超	連二週買超		47%	突破5日均價	103.5	13.99%		100.00%
電腦週邊	2382	廣達	8168.0	-2782.0	2585.0	-1158	-2801	0.07%	-0.03%	-0.07%	買轉賣	連三週買超	連三週買超		69%	突破10日均價	65.2	0.46%		95.07%
電腦週邊	2387	精元	-1035.0	0.0	-2547.0	-2610	-1792	-1.30%	-1.33%	-0.91%	連三週賣超	連三週賣超			79%		28.85	-12.04%		35.41%
電腦週邊	2395	研華	886.0	0.0	232.0	-1541	-250	0.03%	-0.22%	-0.04%	連三週賣超	連三週買超	買轉賣		45%		278.0	-4.47%		53.33%
電腦週邊	2399	映泰	-209.0	0.0	-228.0	0	171	-0.13%	0.00%	0.10%	連二週買超	連二週賣超			90%		9.7	-6.73%		51.47%
電腦週邊	2405	浩鑫	-181.0	0.0	1204.0	1098	1262	0.35%	0.32%	0.37%	連三週買超	連二週賣超		創新高	100%		9.62	-1.84%		50.00%
電腦週邊	2417	圓剛	-289.0	0.0	563.0	-443	-205	0.29%	-0.23%	-0.11%	買轉賣	買轉賣			97%		12.75	-4.14%		83.52%
電腦週邊	2442	新美齊	-1152.0	0.0	919.0	-1362	-362	0.34%	-0.51%	-0.14%	買轉賣	連二週賣超			87%		7.67	-4.48%		39.80%
電腦週邊	3005	神基	-1307.0	0.0	-755.0	467	1710	-0.13%	0.08%	0.29%	賣轉買	買轉賣	連二週賣超		98%		45.15	-2.80%		44.81%
電腦週邊	3017	奇鋐	-3881.0	0.0	-2813.0	-2685	612	-0.80%	-0.76%	0.17%	連二週買超	連三週買超	買轉賣	創新高	100%		38.4	-5.65%		74.26%
電腦週邊	3231	緯創	-4828.0	0.0	-24.0	0	4828	-0.00%	0.00%	0.17%	連三週買超	賣轉買	連二週賣超	創新高	100%	突破5日均價	28.1	2.37%		84.38%
電腦週邊	3515	華擎	2658.0	0.0	1983.0	12	512	1.64%	0.01%	0.42%	賣轉買	賣轉買	賣轉買		10%	突破5日均價	128.5	10.30%		91.10%
電腦週邊	3706	神達	-4099.0	-5338.0	-16340.0	-15297	-5861	-1.52%	-1.42%	-0.54%	買轉賣	連三週賣超	連三週賣超	創新低	0%		29.75	-2.46%	2020/02/21	54.27%
電腦週邊	4938	和碩	1508.0	0.0	-5791.0	-8876	-7299	-0.22%	-0.34%	-0.28%	連三週賣超	賣轉買	連三週買超		73%		62.6	-5.58%		62.50%
電腦週邊	5215	科嘉-KY	-506.0	0.0	-1412.0	124	-1091	-2.60%	0.23%	-2.01%	連二週賣超	賣轉買	連二週賣超		2%		72.0	-4.38%		84.98%
電腦週邊	5258	虹堡	-364.0	0.0	-251.0	134	405	-0.28%	0.15%	0.45%	連二週買超	連二週賣超			55%		23.8	-8.11%		54.52%
電腦週邊	5264	鎧勝-KY	-2030.0	-7.0	-99.0	3447	5232	-0.02%	0.82%	1.24%	連二週買超	連三週賣超	買轉賣		37%		42.4	-1.62%		43.35%
電腦週邊	6166	凌華	473.0	45.0	-1461.0	-2588	-2977	-0.67%	-1.19%	-1.37%	連三週賣超	賣轉買			77%	突破5日均價	65.5	0.46%		86.25%
電腦週邊	6230	超眾	-153.0	0.0	-150.0	0	-101	-0.17%	0.00%	-0.12%	連三週賣超	賣轉買	買轉賣		64%		238.5	-7.20%		55.51%
電腦週邊	6414	樺漢	34.0	53.0	-1276.0	0	-1343	-1.53%	0.00%	-1.61%	買轉賣	買轉賣		創新低	0%		184.0	-5.15%		45.42%
電腦週邊	6591	動力-KY	-62.0	0.0	379.0	0	41	1.34%	0.00%	0.15%	連二週買超	連二週賣超			11%		44.95	-0.44%		49.33%
電腦週邊	6669	緯穎	-177.0	0.0	-1941.0	891	-1941	-1.11%	0.51%	-1.11%	買轉賣	買轉賣	連三週買超		38%	突破10日均價	829.0	4.41%		88.51%
電腦週邊	8163	達方	-305.0	0.0	-1335.0	-168	81	-0.48%	-0.06%	0.03%	連二週買超	連三週賣超	連二週買超		23%		35.8	-5.79%		52.80%
電腦週邊	8210	勤誠	-645.0	0.0	797.0	-191	1201	0.67%	-0.16%	1.00%	連二週買超	連二週賣超	連二週買超		56%	突破10日均價	91.4	-0.65%		52.42%
光電	2323	中環	-7524.0	0.0	-8046.0	-8807	-1283	-0.69%	-0.76%	-0.11%	買轉賣	連二週賣超	連二週賣超		27%	突破5日均價	8.65	13.52%		49.73%
光電	2340	光磊	-841.0	130.0	-17.0	-1325	-699	-0.00%	-0.35%	-0.18%	連二週賣超	買轉賣			88%		20.6	-5.50%		48.16%
光電	2349	錸德	-3137.0	0.0	-4296.0	-3595	-458	-0.33%	-0.28%	-0.04%	買轉賣	連二週賣超	連三週賣超		81%	突破5日均價	7.1	60.27%		76.57%
光電	2393	億光	792.0	-2.0	432.0	-221	-938	0.10%	-0.05%	-0.21%	買轉賣	賣轉買			9%		32.1	-5.87%		60.64%
光電	2406	國碩	-1530.0	0.0	-1295.0	350	1625	-0.63%	0.17%	0.79%	賣轉買	買轉賣			4%		9.8	-7.55%		43.13%
光電	2409	友達	-49699.0	53.0	-57600.0	-51970	-2325	-0.60%	-0.54%	-0.02%	連二週賣超	連三週賣超	買轉賣		97%	突破10日均價	7.61	2.98%		27.96%
光電	2426	鼎元	-1259.0	0.0	-922.0	-1142	-42	-0.31%	-0.38%	-0.01%	買轉賣	買轉賣			68%		13.15	-0.75%		67.79%
光電	2448	晶電	-12920.0	-487.0	-8834.0	-15024	-1617	-0.81%	-1.38%	-0.15%	買轉賣	買轉賣	連三週賣超	創新低	0%		35.7	-9.85%	2020/04/24	72.17%
光電	2486	一詮	-64.0	0.0	278.0	-828	-774	0.14%	-0.41%	-0.38%	買轉賣	連二週賣超			76%		7.38	-2.89%		52.85%
光電	2489	瑞軒	-1595.0	0.0	-603.0	-809	785	-0.07%	-0.10%	0.10%	賣轉買	買轉賣			92%		7.05	-6.87%		20.00%
光電	3008	大立光	-17.0	-17.0	-235.0	120	-218	-0.18%	0.09%	-0.16%	買轉賣	連二週賣超	連三週買超		15%		4065.0	-3.79%		42.23%
光電	3019	亞光	-2907.0	0.0	-3481.0	-2051	-1282	-1.24%	-0.73%	-0.46%	買轉賣	買轉賣			27%		67.2	-4.95%		26.51%
光電	3024	憶聲	-63.0	0.0	-471.0	0	55	-0.17%	0.00%	0.02%	連三週買超	連二週賣超			81%	突破5日均價	7.19	0.14%		40.33%
光電	3031	佰鴻	-59.0	0.0	324.0	186	234	0.17%	0.10%	0.13%	賣轉買	買轉賣		創新高	100%		14.5	-3.01%		65.12%
光電	3038	全台	775.0	0.0	3018.0	1526	912	1.86%	0.94%	0.56%	連二週買超	賣轉買			54%	突破5日均價	19.0	0.53%		91.25%
光電	3049	和鑫	-1554.0	0.0	-1130.0	403	1958	-0.14%	0.05%	0.24%	賣轉買	連三週賣超			30%		10.0	-4.31%		27.35%
光電	3050	鈺德	-155.0	0.0	-143.0	-29	94	-0.10%	-0.02%	0.06%	連二週買超	連二週賣超			23%		9.78	-0.20%		53.33%
光電	3059	華晶科	-703.0	0.0	-671.0	-1062	-466	-0.24%	-0.38%	-0.17%	連三週賣超	買轉賣			91%	突破10日均價	21.55	5.64%		62.50%
光電	3406	玉晶光	1722.0	0.0	-324.0	846	-324	-0.29%	0.76%	-0.29%	買轉賣	連二週買超	連二週買超		66%	突破10日均價	493.0	0.61%		62.96%
光電	3437	榮創	436.0	0.0	2134.0	173	-169	1.48%	0.12%	-0.12%	買轉賣	連三週買超			29%		18.15	-3.97%		88.82%
光電	3481	群創	-18687.0	0.0	-5082.0	-7768	10918	-0.05%	-0.08%	0.11%	賣轉買	連二週賣超	賣轉買		12%		6.22	-0.64%		30.31%
光電	3504	揚明光	-106.0	0.0	129.0	125	202	0.11%	0.11%	0.18%	賣轉買	連二週賣超			15%		59.0	-5.14%		44.76%
光電	3535	晶彩科	-297.0	0.0	-422.0	0	225	-0.53%	0.00%	0.28%	賣轉買	連二週賣超			6%		15.2	-10.06%		38.48%
光電	3557	嘉威	398.0	0.0	-555.0	14	-243	-0.77%	0.02%	-0.34%	連三週賣超	連三週買超		創新低	0%		68.0	-10.53%		80.65%
光電	3563	牧德	-298.0	0.0	-259.0	0	-226	-0.61%	0.00%	-0.53%	連二週賣超	買轉賣	連二週買超		37%		330.5	-5.57%		54.78%
光電	3576	聯合再生	-10255.0	0.0	-18085.0	-21855	-11601	-0.68%	-0.82%	-0.44%	連二週賣超	連二週賣超		創新低	0%	突破10日均價	5.95	-2.94%		42.36%
光電	3622	洋華	-78.0	0.0	562.0	196	257	0.37%	0.13%	0.17%	連三週買超	連二週賣超		創新高	100%		18.35	-2.13%		42.26%
光電	3673	TPK-KY	-1368.0	0.0	-1401.0	-853	-206	-0.34%	-0.21%	-0.05%	買轉賣	連二週賣超			12%		40.0	-4.42%		23.06%
光電	3698	隆達	-1831.0	0.0	-1849.0	-2233	-451	-0.36%	-0.43%	-0.09%	買轉賣	買轉賣			94%		18.0	0.84%		89.17%
光電	4934	太極	-465.0	0.0	-148.0	-679	-300	-0.07%	-0.34%	-0.15%	買轉賣	連三週賣超			2%	突破10日均價	16.45	-4.91%		78.77%
光電	4935	茂林-KY	-1044.0	0.0	-3051.0	-2684	-2467	-2.33%	-2.05%	-1.88%	買轉賣	買轉賣	買轉賣	創新低	0%	突破5日均價	128.5	-1.15%		72.15%
光電	4942	嘉彰	-787.0	0.0	-614.0	341	936	-0.43%	0.24%	0.66%	連二週買超	連二週賣超			54%		33.1	-3.64%		38.90%
光電	4956	光鋐	308.0	0.0	-731.0	-3865	-4101	-0.73%	-3.85%	-4.08%	買轉賣	買轉賣			27%		16.55	-6.76%		59.20%
光電	4960	誠美材	-525.0	0.0	1819.0	1531	2056	0.27%	0.23%	0.31%	賣轉買	連二週賣超			94%		6.49	-3.13%		61.20%
光電	4976	佳凌	-366.0	0.0	318.0	405	688	0.27%	0.34%	0.58%	連二週買超	買轉賣			43%		17.1	-6.30%		27.97%
光電	5243	乙盛-KY	-1660.0	0.0	-1182.0	-320	963	-0.70%	-0.19%	0.57%	連二週買超	連三週賣超			91%	突破10日均價	30.4	1.67%		47.34%
光電	6116	彩晶	-10909.0	0.0	-8244.0	-2507	8402	-0.26%	-0.08%	0.27%	賣轉買	買轉賣			88%		6.0	-4.61%		36.02%
光電	6120	達運	-981.0	0.0	-387.0	-1730	-749	-0.06%	-0.26%	-0.11%	買轉賣	買轉賣			5%		10.7	-6.14%		33.68%
光電	6176	瑞儀	-5130.0	0.0	-4559.0	-3580	-517	-0.98%	-0.77%	-0.11%	買轉賣	連三週賣超	連三週賣超		99%		97.3	-1.32%		52.77%
光電	6209	今國光	-350.0	0.0	510.0	-48	226	0.31%	-0.03%	0.14%	連二週買超	連二週賣超			37%		21.8	-5.83%		44.54%
光電	6226	光鼎	97.0	0.0	-771.0	160	84	-0.67%	0.14%	0.07%	連二週買超	連三週買超			5%		8.12	-3.33%		73.62%
光電	6278	台表科	-5499.0	-78.0	-6808.0	-3888	-2956	-2.33%	-1.33%	-1.01%	買轉賣	買轉賣	連三週買超		40%	突破5日均價	105.0	4.48%		75.65%
光電	6443	元晶	-1845.0	0.0	-4059.0	-1743	-33	-1.07%	-0.46%	-0.01%	連三週賣超	買轉賣			70%	突破10日均價	6.2	-4.76%		47.85%
光電	6456	GIS-KY	-945.0	85.0	523.0	101	1122	0.15%	0.03%	0.33%	連三週買超	買轉賣	連三週買超		40%	突破10日均價	97.8	0.51%		61.87%
光電	6477	安集	-251.0	0.0	-98.0	-56	133	-0.10%	-0.06%	0.14%	連三週買超	買轉賣		創新高	100%		19.9	-2.45%		51.46%
光電	6668	中揚光	-621.0	0.0	-965.0	0	-550	-1.41%	0.00%	-0.80%	連二週賣超	買轉賣			14%		58.6	-7.28%		31.07%
光電	8105	凌巨	-894.0	0.0	-333.0	-927	-75	-0.08%	-0.21%	-0.02%	買轉賣	連二週賣超			5%		8.92	-4.60%		23.23%
光電	8215	明基材	-529.0	0.0	-1801.0	-2148	-1683	-0.56%	-0.67%	-0.52%	買轉賣	買轉賣			23%		16.1	-4.17%		51.98%
通信網路	2314	台揚	542.0	0.0	495.0	-319	-766	0.22%	-0.14%	-0.34%	買轉賣	連二週買超			10%		20.55	-5.30%		61.23%
通信網路	2332	友訊	-1989.0	0.0	-2023.0	-2086	-97	-0.31%	-0.32%	-0.01%	連三週賣超	連二週賣超			88%		12.5	-0.40%		68.32%
通信網路	2345	智邦	1176.0	-333.0	21.0	4245	-364	0.00%	0.76%	-0.07%	連二週賣超	連三週買超	連三週賣超	創新低	0%	突破5日均價	209.0	-0.24%		83.24%
通信網路	2412	中華電	-1257.0	-2521.0	243.0	3102	4021	0.00%	0.04%	0.05%	連三週買超	連二週賣超	連三週賣超	創新高	100%		109.5	-0.45%		50.00%
通信網路	2419	仲琦	-523.0	0.0	341.0	-296	161	0.10%	-0.09%	0.05%	賣轉買	連二週賣超			96%		20.1	-3.13%		37.63%
通信網路	2439	美律	-1499.0	29.0	-1105.0	-1210	-247	-0.53%	-0.58%	-0.12%	連二週賣超	連二週賣超	賣轉買		24%		131.5	-1.50%		29.66%
通信網路	2444	兆勁	-613.0	0.0	1098.0	-897	-425	1.04%	-0.85%	-0.40%	連三週賣超	買轉賣		創新低	0%		16.5	-3.51%		30.88%
通信網路	2455	全新	-667.0	824.0	-2023.0	-1183	-2406	-1.09%	-0.64%	-1.30%	連三週賣超	買轉賣	賣轉買		43%		90.9	-3.30%		40.24%
通信網路	2485	兆赫	-524.0	0.0	-173.0	-1493	-1034	-0.05%	-0.47%	-0.33%	連二週賣超	買轉賣		創新低	0%		15.8	-3.95%		38.56%
通信網路	2498	宏達電	-3681.0	0.0	-5082.0	-4585	-904	-0.62%	-0.56%	-0.11%	連三週賣超	連二週賣超		創新低	0%		28.3	-2.08%		11.02%
通信網路	3045	台灣大	-2439.0	472.0	-265.0	2807	1702	-0.01%	0.08%	0.05%	連三週買超	連三週賣超	連三週賣超	創新高	100%	突破5日均價	107.5	0.00%		51.35%
通信網路	3047	訊舟	-620.0	0.0	-2544.0	-745	-233	-1.36%	-0.40%	-0.12%	買轉賣	連二週賣超			31%		7.92	-5.15%		41.86%
通信網路	3062	建漢	-698.0	0.0	-203.0	492	1110	-0.06%	0.15%	0.34%	連三週買超	買轉賣			79%		14.6	-1.68%		49.72%
通信網路	3380	明泰	-755.0	0.0	8965.0	9493	10224	1.65%	1.75%	1.88%	連二週買超	連二週賣超		創新高	100%	突破10日均價	26.0	-0.95%		94.07%
通信網路	3419	譁裕	-151.0	0.0	181.0	144	263	0.15%	0.12%	0.22%	連三週買超	買轉賣			44%		14.0	-4.44%		52.03%
通信網路	3596	智易	1811.0	-597.0	-425.0	-208	-1068	-0.20%	-0.10%	-0.51%	買轉賣	買轉賣	賣轉買		27%	突破10日均價	84.7	2.42%		71.54%
通信網路	3682	亞太電	-3154.0	0.0	-2995.0	-1526	1628	-0.08%	-0.04%	0.04%	賣轉買	買轉賣			0%		6.56	-3.67%		33.11%
通信網路	3704	合勤控	-834.0	0.0	377.0	529	1313	0.09%	0.12%	0.30%	賣轉買	連三週賣超			68%		14.85	-6.01%		37.95%
通信網路	4904	遠傳	-3159.0	387.0	-1330.0	325	1442	-0.04%	0.01%	0.04%	連三週買超	連二週賣超	賣轉買	創新高	100%		65.8	-1.79%		38.12%
通信網路	4906	正文	-1237.0	0.0	-2353.0	-428	667	-0.66%	-0.12%	0.19%	賣轉買	買轉賣			4%		21.1	-3.21%		55.75%
通信網路	4977	眾達-KY	2101.0	-2.0	2043.0	625	918	2.97%	0.91%	1.34%	賣轉買	連二週買超	連三週買超		56%	突破5日均價	124.0	4.64%		94.59%
通信網路	5388	中磊	-771.0	-39.0	-371.0	-423	231	-0.15%	-0.17%	0.09%	連三週買超	連二週賣超		創新高	100%		72.1	-1.64%		62.70%
通信網路	6285	啟碁	-849.0	75.0	-2203.0	-897	-1580	-0.56%	-0.23%	-0.40%	買轉賣	買轉賣	連三週賣超	創新低	0%		61.8	-0.32%		50.61%
通信網路	6416	瑞祺電通	-25.0	0.0	-607.0	-537	-593	-0.89%	-0.79%	-0.87%	買轉賣	連二週買超	買轉賣		78%		124.0	-4.25%		74.81%
通信網路	8011	台通	-162.0	0.0	2516.0	2158	2283	2.12%	1.82%	1.92%	連三週買超	連三週賣超		創新高	100%	突破5日均價	19.25	10.00%		100.00%
通信網路	8101	華冠	-44.0	0.0	-1900.0	-2621	-2584	-0.91%	-1.26%	-1.24%	連三週賣超	買轉賣		創新低	0%	突破5日均價	5.61	25.78%		63.75%
電子零組件	1582	信錦	82.0	0.0	-1044.0	-197	-1097	-0.84%	-0.16%	-0.89%	買轉賣	連二週賣超		創新低	0%	突破10日均價	81.0	-0.37%		62.54%
電子零組件	2308	台達電	-5727.0	0.0	1661.0	4935	7388	0.06%	0.19%	0.28%	連三週買超	連二週賣超	連二週買超	創新高	100%		138.5	-1.07%		66.27%
電子零組件	2313	華通	8639.0	0.0	-8858.0	-8938	-17578	-0.74%	-0.75%	-1.47%	連二週賣超	連三週賣超	連三週買超		15%	突破10日均價	42.0	1.08%		64.46%
電子零組件	2316	楠梓電	-974.0	0.0	-184.0	-832	-63	-0.09%	-0.41%	-0.03%	買轉賣	連三週賣超			54%		31.35	-5.00%	2020/02/07	53.62%
電子零組件	2327	國巨	-7453.0	-394.0	-6733.0	-6269	-4663	-1.36%	-1.27%	-0.94%	連三週賣超	連三週賣超	買轉賣	創新低	0%		386.0	-4.34%		61.25%
電子零組件	2328	廣宇	-620.0	0.0	-2297.0	-518	84	-0.44%	-0.10%	0.02%	賣轉買	買轉賣			33%		18.1	-5.73%	2019/11/22	30.65%
電子零組件	2355	敬鵬	-4595.0	-576.0	-2609.0	-5922	-1194	-0.66%	-1.49%	-0.30%	買轉賣	連二週賣超			86%		22.5	-10.54%		23.33%
電子零組件	2367	燿華	-5564.0	0.0	-5357.0	-4583	981	-0.86%	-0.74%	0.16%	連三週買超	連三週賣超		創新高	100%		21.7	-8.25%		31.03%
電子零組件	2368	金像電	-8569.0	0.0	-7717.0	-5628	2554	-1.41%	-1.03%	0.47%	連二週買超	買轉賣	賣轉買		5%	突破5日均價	34.1	2.71%		98.09%
電子零組件	2375	凱美	-1161.0	0.0	-303.0	-38	859	-0.16%	-0.02%	0.44%	連二週買超	連二週賣超			20%		36.5	-2.80%		55.04%
電子零組件	2383	台光電	4575.0	347.0	1181.0	959	-2010	0.37%	0.30%	-0.63%	連二週賣超	連二週買超	連二週買超		82%	突破10日均價	144.0	0.00%		96.43%
電子零組件	2385	群光	-694.0	0.0	-2420.0	-1478	-1754	-0.33%	-0.20%	-0.24%					34%	突破5日均價	80.6	1.13%		42.47%
電子零組件	2392	正崴	-1787.0	0.0	-1038.0	153	1821	-0.20%	0.03%	0.36%	連三週買超	連三週賣超	連三週賣超		47%		36.35	-4.09%		57.05%
電子零組件	2402	毅嘉	-444.0	0.0	-1227.0	-1199	-808	-0.40%	-0.39%	-0.26%	連二週賣超	連二週賣超			80%		12.4	-3.88%		35.75%
電子零組件	2421	建準	10843.0	0.0	9313.0	4491	-3927	3.71%	1.79%	-1.56%	連三週賣超	連二週買超	賣轉買		12%	突破5日均價	49.5	8.08%		99.77%
電子零組件	2428	興勤	-4.0	0.0	74.0	-448	76	0.06%	-0.35%	0.06%	賣轉買	買轉賣			47%	突破10日均價	86.9	3.45%		69.70%
電子零組件	2456	奇力新	-2228.0	-1657.0	-3744.0	-2451	-571	-1.47%	-0.96%	-0.22%	買轉賣	連三週賣超	買轉賣		40%		98.7	-6.89%		45.86%
電子零組件	2457	飛宏	-881.0	0.0	-978.0	-472	324	-0.29%	-0.14%	0.10%	賣轉買	連二週賣超			37%		6.74	-6.00%		32.32%
電子零組件	2472	立隆	-190.0	0.0	318.0	-1111	-972	0.25%	-0.86%	-0.75%	買轉賣	連二週賣超			36%	突破5日均價	41.55	3.49%		87.23%
電子零組件	2478	大毅	1148.0	0.0	-2161.0	-3210	-2918	-1.49%	-2.21%	-2.01%	買轉賣	賣轉買			32%	突破5日均價	81.4	3.17%		100.00%
電子零組件	2484	希華	295.0	0.0	1366.0	1833	1600	0.86%	1.15%	1.00%	賣轉買	連二週買超		創新高	100%		20.6	0.49%		86.50%
電子零組件	2492	華新科	-4146.0	-45.0	-4192.0	-4129	-1597	-0.86%	-0.85%	-0.33%	買轉賣	買轉賣	買轉賣		11%		189.0	-7.13%	2020/04/24	46.80%
電子零組件	3003	健和興	-850.0	-155.0	-1857.0	-747	46	-1.19%	-0.48%	0.03%	賣轉買	買轉賣	連二週買超		88%		38.35	-1.67%		43.18%
電子零組件	3023	信邦	-152.0	-124.0	-795.0	2374	-582	-0.34%	1.02%	-0.25%	連二週賣超	連三週買超	連二週賣超		79%		142.0	-1.39%		87.72%
電子零組件	3026	禾伸堂	-1305.0	-488.0	-978.0	-1437	259	-0.62%	-0.91%	0.16%	連三週買超	買轉賣	連二週賣超	創新高	100%		127.5	-1.16%		86.71%
電子零組件	3037	欣興	20355.0	-3527.0	5204.0	10984	-5844	0.35%	0.73%	-0.39%	買轉賣	賣轉買	連三週買超		90%	突破10日均價	43.9	-1.79%		75.98%
電子零組件	3042	晶技	-9570.0	596.0	-9591.0	-8053	-1081	-3.10%	-2.60%	-0.35%	連二週賣超	連三週賣超	連二週賣超	創新低	0%		57.0	0.35%		66.51%
電子零組件	3044	健鼎	-8040.0	0.0	-2593.0	-4309	3789	-0.49%	-0.82%	0.72%	賣轉買	連三週賣超	買轉賣	創新高	100%		109.5	-4.78%		53.39%
電子零組件	3090	日電貿	1335.0	0.0	208.0	285	-771	0.12%	0.16%	-0.43%	連二週賣超	連三週買超		創新低	0%	突破5日均價	52.9	1.54%		88.52%
電子零組件	3321	同泰	-113.0	0.0	-764.0	214	264	-0.61%	0.17%	0.21%	賣轉買	買轉賣			2%	突破10日均價	10.6	20.73%		44.10%
電子零組件	3338	泰碩	-2535.0	0.0	-2998.0	-43	-1443	-3.44%	-0.05%	-1.65%	連二週賣超	連二週賣超	連三週賣超		31%		90.3	-4.55%		69.52%
電子零組件	3376	新日興	-2133.0	0.0	749.0	963	1998	0.41%	0.53%	1.10%	連三週買超	連三週賣超	連二週賣超	創新高	100%		127.5	-3.04%		59.63%
電子零組件	3533	嘉澤	2894.0	-485.0	-18.0	-486	430	-0.02%	-0.47%	0.42%	連二週買超	連三週買超	買轉賣		27%	突破5日均價	394.5	11.76%	2020/04/24	100.00%
電子零組件	3605	宏致	801.0	0.0	-656.0	-342	-954	-0.54%	-0.28%	-0.78%	連三週賣超	賣轉買		創新低	0%		24.05	-3.02%		48.15%
電子零組件	3645	達邁	26.0	0.0	610.0	1310	1291	0.47%	1.01%	0.99%	連二週買超	賣轉買			71%	突破10日均價	39.8	-1.97%		54.72%
電子零組件	3653	健策	-994.0	-73.0	-836.0	-435	-378	-0.69%	-0.36%	-0.31%	買轉賣	買轉賣	買轉賣		44%		212.0	-1.62%		75.65%
電子零組件	4915	致伸	-963.0	0.0	-1360.0	-1121	-514	-0.30%	-0.25%	-0.11%	買轉賣	連二週賣超	賣轉買		44%	突破10日均價	47.95	0.63%		42.15%
電子零組件	4927	泰鼎-KY	704.0	-728.0	2296.0	3152	3371	1.21%	1.66%	1.77%	賣轉買	連二週買超	連三週買超	創新高	100%	突破10日均價	60.8	1.00%		93.64%
電子零組件	4943	康控-KY	-434.0	-8.0	-46.0	-1354	216	-0.03%	-0.99%	0.16%	賣轉買	連二週賣超			4%		115.5	-7.60%		30.23%
電子零組件	4958	臻鼎-KY	-3079.0	0.0	-460.0	-5413	2539	-0.05%	-0.60%	0.28%	連三週買超	連二週賣超	連二週買超	創新高	100%		113.5	-2.99%		50.62%
電子零組件	5469	瀚宇博	-7999.0	0.0	-10853.0	-11008	-3644	-2.21%	-2.24%	-0.74%	連二週賣超	連二週賣超	買轉賣	創新低	0%		37.6	-3.09%		56.57%
電子零組件	6141	柏承	-369.0	0.0	-559.0	64	352	-0.43%	0.05%	0.27%	連二週買超	連二週賣超			41%		17.35	-8.92%		42.49%
電子零組件	6153	嘉聯益	-1426.0	3.0	-4714.0	1687	3065	-0.87%	0.31%	0.56%	連三週買超	買轉賣			11%		26.6	-7.80%		37.08%
電子零組件	6155	鈞寶	-216.0	0.0	-951.0	-130	30	-1.10%	-0.15%	0.03%	連二週買超	買轉賣			47%		24.6	-1.99%		63.41%
電子零組件	6165	捷泰	-92.0	0.0	-728.0	-1102	-1036	-1.47%	-2.22%	-2.09%	買轉賣	買轉賣			87%		26.95	-2.00%		80.92%
電子零組件	6191	精成科	-2244.0	0.0	-1999.0	-4846	-2644	-0.39%	-0.94%	-0.51%	買轉賣	買轉賣			38%		13.35	-4.30%		44.83%
電子零組件	6197	佳必琪	-56.0	0.0	258.0	-207	-165	0.21%	-0.17%	-0.14%	買轉賣	連二週賣超			44%		31.6	-2.77%		76.13%
電子零組件	6213	聯茂	3884.0	0.0	2853.0	3429	396	0.86%	1.03%	0.12%	賣轉買	連三週買超	賣轉買		67%		142.0	-6.89%		63.37%
電子零組件	6251	定穎	-6574.0	0.0	-9091.0	-10005	-4388	-3.23%	-3.56%	-1.56%	連二週賣超	連三週賣超	連三週賣超	創新低	0%		18.05	-15.85%		64.95%
電子零組件	6269	台郡	-3194.0	-345.0	-3040.0	406	-419	-0.90%	0.12%	-0.12%	買轉賣	連三週賣超	連二週賣超		78%		103.5	-4.17%		53.33%
電子零組件	6282	康舒	-1330.0	0.0	831.0	-2014	-727	0.16%	-0.39%	-0.14%	買轉賣	連三週賣超			77%		19.95	-2.21%		46.00%
電子零組件	6412	群電	0.0	0.0	4179.0	-1088	0	1.07%	-0.28%	0.00%				創新高	100%		62.6	-2.34%		79.17%
電子零組件	6449	鈺邦	-189.0	0.0	20.0	16	155	0.02%	0.02%	0.18%	連三週買超	連三週賣超		創新高	100%		30.5	-3.63%		47.63%
電子零組件	6672	騰輝電子-KY	51.0	0.0	-1016.0	-388	-1047	-1.44%	-0.55%	-1.48%	連三週賣超	連三週買超		創新低	0%		86.5	-3.89%		63.61%
電子零組件	8039	台虹	956.0	0.0	-689.0	1338	612	-0.33%	0.64%	0.29%	賣轉買	連三週買超			91%		47.55	-2.76%		71.99%
電子零組件	8046	南電	2532.0	47.0	666.0	2196	-213	0.10%	0.34%	-0.03%	連二週賣超	賣轉買	連三週買超	創新低	0%		69.9	-1.96%		85.48%
電子零組件	8213	志超	-2390.0	0.0	240.0	2224	4173	0.09%	0.82%	1.54%	連三週買超	連三週賣超		創新高	100%		34.95	-0.14%		76.41%
電子通路	2347	聯強	1918.0	1450.0	-879.0	6504	3137	-0.05%	0.39%	0.19%	賣轉買	賣轉買	連三週買超		100%	突破5日均價	42.4	7.75%		100.00%
電子通路	3036	文曄	0.0	0.0	807.0	1513	0	0.13%	0.25%	0.00%					100%	突破10日均價	38.75	-0.39%		61.89%
電子通路	3048	益登	-1266.0	0.0	-1097.0	-1357	-310	-0.49%	-0.61%	-0.14%	連三週賣超	連二週賣超		創新低	0%	突破10日均價	17.15	1.78%		54.84%
電子通路	3209	全科	-248.0	0.0	-55.0	-18	180	-0.03%	-0.01%	0.10%	連二週買超	連二週賣超			38%	突破5日均價	20.05	1.78%		77.12%
電子通路	3312	弘憶股	-272.0	0.0	-127.0	1015	1227	-0.11%	0.86%	1.04%	賣轉買	連二週賣超			98%		15.15	0.33%		67.97%
電子通路	3702	大聯大	-2808.0	1434.0	507.0	2686	4061	0.03%	0.16%	0.24%	連三週買超	連二週賣超	連三週買超	創新高	100%	突破10日均價	38.95	1.17%		93.75%
電子通路	5434	崇越	-1909.0	-164.0	-811.0	-1926	566	-0.45%	-1.06%	0.31%	賣轉買	連二週賣超	連三週買超		64%	突破10日均價	102.5	-0.97%		68.27%
電子通路	8112	至上	-2865.0	0.0	-3876.0	-719	1796	-1.02%	-0.19%	0.47%	連二週買超	連二週賣超	賣轉買		12%		30.7	-3.76%		46.24%
其它電子	2312	金寶	-3310.0	0.0	-8641.0	-6452	-3142	-0.59%	-0.44%	-0.21%	連三週賣超	連三週賣超		創新低	0%		11.6	-4.13%		47.28%
其它電子	2317	鴻海	3850.0	1386.0	-427.0	1386	-5663	-0.00%	0.01%	-0.04%	買轉賣	賣轉買	連三週買超		97%	突破10日均價	77.1	1.18%		40.75%
其它電子	2354	鴻準	-2747.0	0.0	-3530.0	-3677	-783	-0.25%	-0.26%	-0.06%	連二週賣超	連二週賣超			37%		54.8	-2.49%		37.23%
其它電子	2359	所羅門	295.0	0.0	-193.0	51	-183	-0.11%	0.03%	-0.11%	買轉賣	賣轉買			11%		18.3	-4.19%		48.81%
其它電子	2360	致茂	-1210.0	0.0	-1411.0	1219	-577	-0.34%	0.29%	-0.14%	買轉賣	連二週賣超	買轉賣		19%	突破5日均價	135.5	-2.87%		55.10%
其它電子	2390	云辰	-93.0	0.0	42.0	984	1063	0.02%	0.46%	0.50%	賣轉買	買轉賣			11%		8.27	-2.82%		38.99%
其它電子	2404	漢唐	19.0	0.0	36.0	-190	27	0.02%	-0.10%	0.01%	連三週買超	連三週買超			53%	突破5日均價	195.0	2.63%		91.37%
其它電子	2461	光群雷	-2287.0	0.0	-318.0	-1338	491	-0.20%	-0.84%	0.31%	賣轉買	買轉賣			72%	突破10日均價	14.9	3.83%		29.07%
其它電子	2464	盟立	-835.0	0.0	-543.0	0	645	-0.28%	0.00%	0.33%	賣轉買	買轉賣			59%	突破10日均價	37.25	0.81%		79.25%
其它電子	2474	可成	-1131.0	0.0	111.0	-2696	868	0.01%	-0.35%	0.11%	連三週買超	連二週賣超	連三週買超	創新高	100%		232.5	-3.73%		53.11%
其它電子	3018	同開	-98.0	0.0	321.0	1183	1257	0.44%	1.61%	1.71%	連二週買超	連二週賣超			84%	突破5日均價	18.9	-5.26%		32.65%
其它電子	3450	聯鈞	-5956.0	159.0	-4254.0	-7706	-288	-2.92%	-5.29%	-0.20%	買轉賣	買轉賣	連二週賣超		94%		65.2	-5.51%		50.90%
其它電子	3518	柏騰	26.0	0.0	-302.0	40	21	-0.37%	0.05%	0.03%	賣轉買	賣轉買			27%	突破10日均價	34.3	-3.24%		76.22%
其它電子	3665	貿聯-KY	-538.0	-202.0	-420.0	-339	25	-0.32%	-0.26%	0.02%	連二週買超	連二週賣超	賣轉買		46%		181.0	-4.49%		47.95%
其它電子	6139	亞翔	-402.0	0.0	-437.0	1014	1341	-0.19%	0.45%	0.59%	連二週買超	連二週賣超		創新高	100%		25.05	-3.09%		41.94%
其它電子	6196	帆宣	-185.0	0.0	777.0	0	906	0.42%	0.00%	0.48%	賣轉買	連二週賣超			89%		72.1	0.28%		53.07%
其它電子	6558	興能高	-793.0	0.0	-1068.0	-251	-511	-1.23%	-0.29%	-0.59%	連三週賣超	買轉賣			6%	突破10日均價	45.75	2.58%		36.08%
其它電子	8021	尖點	838.0	0.0	2020.0	1748	1094	1.42%	1.23%	0.77%	賣轉買	賣轉買			56%		20.15	-0.74%		60.99%
油電燃氣	6505	台塑化	-6916.0	0.0	-1907.0	-4762	5009	-0.02%	-0.05%	0.05%	連二週買超	連二週賣超	連三週買超	創新高	100%		86.4	-2.15%		55.04%
油電燃氣	8926	台汽電	1224.0	0.0	1657.0	4594	3405	0.28%	0.78%	0.58%	賣轉買	連三週買超	連二週買超		68%	突破5日均價	36.2	6.31%		100.00%
櫃電機	1586	和勤	46.0	0.0	-838.0	-1090	-1122	-1.05%	-1.36%	-1.40%	連二週賣超	連二週買超			72%	突破10日均價	38.3	-2.05%		79.29%
櫃電機	1597	直得	-141.0	0.0	-624.0	-673	-536	-0.77%	-0.83%	-0.66%	連二週賣超	賣轉買	買轉賣		48%		86.0	-4.66%		70.13%
櫃電機	3178	公準	-63.0	0.0	-5.0	0	42	-0.01%	0.00%	0.09%	連三週買超	連三週賣超			43%	突破5日均價	45.9	16.20%		75.05%
櫃電機	4523	永彰	0.0	0.0	172.0	19	20	0.27%	0.03%	0.03%	連二週買超				91%		20.45	0.49%		26.09%
櫃電機	8255	朋程	60.0	-5.0	127.0	128	94	0.14%	0.14%	0.10%	賣轉買	賣轉買			69%		83.2	-4.04%		43.78%
櫃化工	4707	磐亞	-1445.0	0.0	-3538.0	-2665	-1407	-1.23%	-0.93%	-0.49%	連三週賣超	連二週賣超		創新低	0%		11.4	-12.31%		35.85%
櫃化工	4714	永捷	66.0	0.0	-1724.0	-31	-82	-1.66%	-0.03%	-0.08%	連三週賣超	連三週買超		創新低	0%		13.85	-12.34%		55.56%
櫃生技	1752	南光	298.0	0.0	-1025.0	-212	-425	-1.01%	-0.21%	-0.42%	連二週賣超	連三週買超			43%		42.6	-4.27%		72.73%
櫃生技	1784	訊聯	16.0	0.0	0.0	0	-11	0.00%	0.00%	-0.02%	連三週賣超	賣轉買			7%		38.35	-8.80%		62.42%
櫃生技	3176	基亞	8.0	0.0	-60.0	-55	-65	-0.04%	-0.04%	-0.05%	連三週賣超	買轉賣		創新低	0%		56.8	-0.53%		65.29%
櫃生技	3218	大學光	3121.0	0.0	-8.0	-152	-1712	-0.01%	-0.20%	-2.25%	買轉賣	連三週買超	連三週買超	創新低	0%	突破5日均價	121.0	22.84%		100.00%
櫃生技	4114	健喬	291.0	0.0	-805.0	146	-94	-0.33%	0.06%	-0.04%	連三週賣超	連三週買超			44%	突破5日均價	23.4	-0.21%		71.76%
櫃生技	4121	優盛	-71.0	0.0	-1193.0	-1268	-1216	-1.63%	-1.73%	-1.66%	買轉賣	買轉賣		創新低	0%	突破5日均價	20.6	2.74%		73.77%
櫃生技	4123	晟德	-301.0	0.0	92.0	-42	351	0.02%	-0.01%	0.08%	賣轉買	連三週賣超			6%	突破5日均價	49.65	-0.50%		48.89%
櫃生技	4128	中天	904.0	116.0	1800.0	0	-938	0.42%	0.00%	-0.22%	買轉賣	賣轉買			96%	突破5日均價	26.65	26.00%		100.00%
櫃生技	4147	中裕	-373.0	0.0	-144.0	25	116	-0.06%	0.01%	0.05%	賣轉買	連二週賣超			1%		89.0	-5.42%		41.78%
櫃生技	4157	太景*-KY	-632.0	0.0	1045.0	-1146	-515	0.15%	-0.16%	-0.07%	連二週賣超	連三週賣超			16%	突破5日均價	17.1	4.59%		53.72%
櫃生技	4161	聿新科	-5.0	0.0	9.0	0	3	0.02%	0.00%	0.01%	賣轉買	買轉賣			91%		29.05	-8.36%		30.06%
櫃生技	4162	智擎	-20.0	0.0	189.0	73	203	0.13%	0.05%	0.14%	賣轉買	賣轉買			6%		52.9	-3.64%		46.01%
櫃生技	4167	展旺	652.0	0.0	-768.0	268	-276	-0.29%	0.10%	-0.10%	買轉賣	賣轉買			69%		24.6	0.41%		66.22%
櫃生技	4735	豪展	-14.0	0.0	4.0	983	992	0.01%	2.62%	2.64%	連二週買超	連二週賣超	連二週買超	創新高	100%		74.9	-2.22%		83.80%
櫃生技	4736	泰博	1883.0	0.0	1554.0	168	1150	1.84%	0.20%	1.36%	賣轉買	連三週買超	賣轉買		43%	突破5日均價	289.0	43.78%		100.00%
櫃生技	4743	合一	-298.0	782.0	-1684.0	-1800	-2362	-0.48%	-0.51%	-0.67%	連三週賣超	買轉賣		創新低	0%	突破5日均價	95.8	27.39%		100.00%
櫃生技	6523	達爾膚	-101.0	0.0	0.0	0	65	0.00%	0.00%	0.14%	賣轉買	買轉賣			1%		61.3	-5.69%		31.30%
櫃生技	6547	高端疫苗	434.0	0.0	-3110.0	-3080	-3384	-1.67%	-1.65%	-1.81%	連三週賣超	連二週買超		創新低	0%	突破5日均價	72.1	2.41%		88.07%
櫃生技	6612	奈米醫材	19.0	0.0	39.0	0	27	0.12%	0.00%	0.08%	賣轉買	連二週買超			44%	突破5日均價	72.9	3.11%		53.09%
櫃生技	8403	盛弘	-1326.0	0.0	-703.0	-1281	-319	-0.69%	-1.25%	-0.31%	買轉賣	連二週賣超			92%		38.05	-11.92%		51.69%
櫃生技	8436	大江	-161.0	0.0	-1411.0	586	-1360	-1.18%	0.49%	-1.14%	連二週賣超	連二週買超	連三週賣超		16%		249.0	-1.97%		53.02%
櫃半導	3105	穩懋	2525.0	-1492.0	-3097.0	84	-2678	-0.73%	0.02%	-0.63%	買轉賣	連二週買超	連三週賣超	創新低	0%		268.5	-4.62%		52.14%
櫃半導	3227	原相	-7288.0	-177.0	-4584.0	-3443	-794	-3.29%	-2.47%	-0.57%	連二週賣超	買轉賣	連三週賣超	創新低	0%		162.0	-6.36%		53.61%
櫃半導	3228	金麗科	41.0	0.0	-83.0	-40	-70	-0.12%	-0.06%	-0.10%	連二週賣超	連三週買超			83%		31.95	-5.47%		44.88%
櫃半導	3260	威剛	-1382.0	0.0	-5081.0	-819	-4030	-2.23%	-0.36%	-1.77%	買轉賣	連二週買超	連二週賣超		28%		51.7	-11.02%		35.71%
櫃半導	3264	欣銓	607.0	131.0	1110.0	98	-604	0.23%	0.02%	-0.12%	買轉賣	連二週買超	連二週買超		10%		27.15	-3.21%		65.74%
櫃半導	3317	尼克森	-275.0	0.0	-25.0	6	200	-0.04%	0.01%	0.33%	賣轉買	買轉賣			11%		37.0	-6.92%		42.30%
櫃半導	3374	精材	2379.0	-1.0	3148.0	-244	1439	1.16%	-0.09%	0.53%	賣轉買	連二週買超	連三週買超		13%		83.5	-1.53%		78.31%
櫃半導	3438	類比科	32.0	0.0	372.0	-13	-36	0.55%	-0.02%	-0.05%	連三週賣超	連三週買超			83%		29.4	-5.16%		38.91%
櫃半導	3527	聚積	-684.0	0.0	-609.0	0	-198	-1.49%	0.00%	-0.48%	買轉賣	連三週買超	連三週賣超		35%		85.2	-10.32%		29.66%
櫃半導	3680	家登	458.0	-137.0	939.0	1236	883	1.27%	1.67%	1.19%	連二週買超	賣轉買	連二週買超		88%		183.0	-2.14%		86.62%
櫃半導	3707	漢磊	-300.0	0.0	317.0	-2279	-2025	0.11%	-0.77%	-0.68%	連二週賣超	連三週賣超			1%	突破5日均價	26.2	5.43%		56.25%
櫃半導	4947	昂寶-KY	-16.0	0.0	130.0	100	135	0.23%	0.18%	0.24%	連三週買超	連三週買超			35%	突破5日均價	228.5	0.22%		100.00%
櫃半導	4966	譜瑞-KY	229.0	233.0	-1074.0	-951	-1307	-1.34%	-1.19%	-1.63%	買轉賣	買轉賣	連二週買超	創新低	0%	突破5日均價	892.0	14.07%		100.00%
櫃半導	4973	廣穎	-637.0	0.0	-510.0	0	467	-0.80%	0.00%	0.74%	連二週買超	連三週賣超			25%		24.0	-5.51%		39.94%
櫃半導	4991	環宇-KY	-328.0	0.0	76.0	82	302	0.08%	0.09%	0.33%	連三週買超	連三週賣超			99%		52.8	-5.21%		32.87%
櫃半導	5272	笙科	46.0	0.0	145.0	146	112	0.26%	0.26%	0.20%	連三週買超	連三週買超		創新高	100%		18.9	-1.56%		37.76%
櫃半導	5299	杰力	-407.0	0.0	447.0	-14	668	1.27%	-0.04%	1.90%	賣轉買	連二週賣超	買轉賣		48%		112.0	-5.88%		76.23%
櫃半導	5302	太欣	-7.0	0.0	1.0	0	5	0.00%	0.00%	0.00%	連二週買超	買轉賣			100%		5.58	-4.12%		28.88%
櫃半導	5347	世界	7185.0	-2699.0	3912.0	655	-574	0.24%	0.04%	-0.04%	買轉賣	連三週買超	連二週買超		90%		70.1	-0.43%		53.74%
櫃半導	5351	鈺創	161.0	0.0	689.0	0	-153	0.16%	0.00%	-0.04%	連三週賣超	賣轉買		創新低	0%		6.22	-6.47%		30.77%
櫃半導	5425	台半	-278.0	280.0	-229.0	-74	-132	-0.09%	-0.03%	-0.05%	連二週賣超	買轉賣			1%		37.4	-3.73%		38.27%
櫃半導	5483	中美晶	-48.0	-231.0	-3911.0	-1993	-3638	-0.67%	-0.34%	-0.62%	連二週賣超	連三週賣超	賣轉買		90%		87.0	-3.97%		30.88%
櫃半導	6104	創惟	807.0	0.0	1098.0	317	-254	1.21%	0.35%	-0.28%	連二週賣超	連三週買超			36%	突破5日均價	43.0	19.44%		100.00%
櫃半導	6129	普誠	-26.0	0.0	-572.0	-36	-14	-0.32%	-0.02%	-0.01%	買轉賣	連二週賣超			57%		5.97	-3.55%		31.44%
櫃半導	6138	茂達	260.0	0.0	707.0	1227	538	0.97%	1.68%	0.74%	賣轉買	賣轉買			79%		70.1	-1.27%		66.38%
櫃半導	6147	頎邦	-13504.0	-748.0	-7560.0	-9683	6142	-1.16%	-1.48%	0.94%	賣轉買	連二週賣超	連二週買超		96%		58.9	-3.12%		59.66%
櫃半導	6182	合晶	6168.0	-502.0	1857.0	3933	-1352	0.36%	0.77%	-0.26%	連三週賣超	連三週買超		創新低	0%	突破10日均價	33.45	2.29%		73.90%
櫃半導	6223	旺矽	1409.0	0.0	601.0	1247	-285	0.75%	1.56%	-0.36%	買轉賣	連二週賣超	連二週買超		95%	突破5日均價	80.5	11.19%		97.33%
櫃半導	6233	旺玖	-152.0	0.0	-73.0	32	148	-0.09%	0.04%	0.18%	連三週買超	連三週賣超		創新高	100%		10.85	-1.36%		46.12%
櫃半導	6261	久元	-1283.0	0.0	-1726.0	-3662	-2765	-1.34%	-2.85%	-2.15%	買轉賣	連二週賣超		創新低	0%	突破10日均價	57.9	-2.03%		94.34%
櫃半導	6411	晶焱	-479.0	0.0	-202.0	-1330	95	-0.25%	-1.66%	0.12%	連二週買超	連三週賣超			57%		84.1	-5.29%		45.48%
櫃半導	6435	大中	5.0	0.0	0.0	0	-2	0.00%	0.00%	-0.01%	連三週賣超	賣轉買			37%		89.7	-4.27%		44.17%
櫃半導	6462	神盾	-3292.0	0.0	-2035.0	-1027	-633	-2.85%	-1.44%	-0.89%	買轉賣	連三週賣超	連二週賣超		10%		180.0	-2.96%		33.43%
櫃半導	6488	環球晶	-800.0	-100.0	-437.0	-2361	-154	-0.10%	-0.54%	-0.04%	買轉賣	連三週賣超	連三週賣超		28%		370.0	-2.89%		39.53%
櫃半導	6510	精測	-752.0	-21.0	-223.0	0	-202	-0.68%	0.00%	-0.62%	連二週賣超	連三週賣超	連三週賣超		51%		623.0	-7.43%		6.53%
櫃半導	6532	瑞耘	-25.0	0.0	-1540.0	-50	-34	-4.87%	-0.16%	-0.11%	連二週賣超	連二週買超		創新低	0%	突破10日均價	63.9	6.15%		88.55%
櫃半導	6679	鈺太	-1233.0	0.0	-230.0	-49	362	-0.56%	-0.12%	0.88%	連二週買超	賣轉買	連二週賣超		48%		145.0	-11.31%		63.60%
櫃半導	6683	雍智科技	315.0	0.0	-17.0	-8	-111	-0.06%	-0.03%	-0.41%	買轉賣	連二週買超	連三週買超		88%	突破5日均價	232.0	3.80%		87.59%
櫃半導	8040	九暘電	163.0	0.0	81.0	981	858	0.12%	1.46%	1.28%	連三週買超	賣轉買		創新高	100%		15.95	-5.06%		23.19%
櫃半導	8086	宏捷科	-2139.0	28.0	-1505.0	-5507	-153	-0.97%	-3.56%	-0.10%	連三週賣超	連三週賣超	買轉賣		42%		91.1	-5.20%		50.45%
櫃半導	8088	品安	-1554.0	0.0	-1272.0	-54	1070	-2.09%	-0.09%	1.76%	賣轉買	買轉賣			12%		28.1	-13.14%	2020/05/08	68.05%
櫃半導	8299	群聯	-4099.0	0.0	-6755.0	-5596	-5531	-3.43%	-2.84%	-2.81%	連三週賣超	連二週賣超	買轉賣	創新低	0%		275.0	-4.84%		48.61%
櫃電腦	1569	濱川	94.0	0.0	-1292.0	-1781	-1852	-1.14%	-1.57%	-1.63%	買轉賣	連三週買超	連三週賣超		75%		24.1	-1.03%		77.58%
櫃電腦	3211	順達	918.0	0.0	1113.0	339	489	0.75%	0.23%	0.33%	賣轉買	連二週買超		創新高	100%		72.4	-0.69%		87.36%
櫃電腦	3479	安勤	157.0	0.0	651.0	343	548	0.93%	0.49%	0.78%	連二週買超	賣轉買			26%		65.6	-6.02%		41.47%
櫃電腦	3483	力致	-716.0	0.0	-650.0	176	-179	-1.07%	0.29%	-0.29%	買轉賣	買轉賣	連三週買超		0%		61.4	-8.22%		66.74%
櫃電腦	5289	宜鼎	-723.0	0.0	-533.0	-1092	-227	-0.67%	-1.37%	-0.28%	買轉賣	賣轉買	連三週賣超		56%	突破10日均價	184.0	3.08%		76.55%
櫃電腦	5490	同亨	-92.0	0.0	-78.0	-661	-592	-0.08%	-0.69%	-0.62%	買轉賣	連二週賣超		創新低	0%		25.4	-0.59%		45.70%
櫃電腦	6121	新普	102.0	-36.0	121.0	55	134	0.07%	0.03%	0.07%	賣轉買	連二週買超	賣轉買		38%	突破5日均價	311.5	1.80%		80.82%
櫃電腦	6150	撼訊	280.0	0.0	-500.0	0	-686	-1.50%	0.00%	-2.06%	買轉賣	賣轉買		創新低	0%	突破10日均價	50.9	-3.60%		56.51%
櫃電腦	6188	廣明	1379.0	0.0	2572.0	-1614	-2745	0.92%	-0.58%	-0.99%	買轉賣	賣轉買		創新低	0%		34.7	-1.84%		62.94%
櫃電腦	6276	安鈦克	-132.0	0.0	-635.0	0	96	-2.08%	0.00%	0.31%	連三週買超	連三週賣超			1%	突破5日均價	17.55	0.29%		56.97%
櫃電腦	8076	伍豐	6.0	0.0	-105.0	25	21	-0.04%	0.01%	0.01%	連三週買超	連三週買超		創新高	100%		28.25	-2.59%		45.13%
櫃光電	3630	新鉅科	-341.0	0.0	-478.0	1369	-225	-0.26%	0.74%	-0.12%	連二週賣超	買轉賣		創新低	0%		51.0	-4.85%		23.38%
櫃光電	3691	碩禾	-29.0	0.0	0.0	0	17	0.00%	0.00%	0.03%	賣轉買	連二週賣超			20%		91.1	-6.85%		29.12%
櫃光電	4944	兆遠	0.0	0.0	0.0	0	0	0.00%	0.00%	0.00%				創新高	100%		9.0	-2.17%		14.29%
櫃光電	5371	中光電	-2056.0	0.0	-377.0	-2954	-1092	-0.09%	-0.68%	-0.25%	買轉賣	連三週賣超			72%		30.8	-2.84%		31.87%
櫃光電	5443	均豪	-171.0	0.0	476.0	611	746	0.29%	0.37%	0.45%	連三週買超	連三週賣超		創新高	100%	突破10日均價	18.75	1.63%		67.76%
櫃光電	6125	廣運	-237.0	0.0	-2372.0	-2465	-2265	-0.95%	-0.99%	-0.91%	連二週賣超	連二週賣超			11%	突破10日均價	16.85	-2.60%		86.32%
櫃光電	6234	高僑	-329.0	0.0	-1615.0	-1188	-943	-1.74%	-1.28%	-1.02%	買轉賣	連二週賣超			51%	突破5日均價	25.3	11.45%		50.29%
櫃光電	6244	茂迪	-2435.0	0.0	-4318.0	-3188	-753	-0.80%	-0.59%	-0.14%	連三週賣超	連二週賣超			64%	突破5日均價	7.3	15.14%		59.82%
櫃光電	8064	東捷	41.0	0.0	-12.0	-49	-82	-0.01%	-0.03%	-0.05%	連三週賣超	連二週買超			88%		14.05	-3.10%		46.98%
櫃光電	8069	元太	8141.0	69.0	26872.0	24406	16196	2.36%	2.14%	1.42%	賣轉買	賣轉買	連三週買超	創新高	100%	突破10日均價	35.8	8.48%	2020/02/21	89.97%
櫃光電	8240	華宏	-33.0	0.0	-120.0	0	24	-0.12%	0.00%	0.02%	賣轉買	買轉賣			98%		24.0	-0.62%		53.61%
櫃通信	3081	聯亞	296.0	404.0	231.0	63	-241	0.25%	0.07%	-0.27%	連二週賣超	賣轉買	連三週買超		27%		281.5	0.54%		66.52%
櫃通信	3152	璟德	-283.0	0.0	183.0	-207	238	0.27%	-0.30%	0.34%	賣轉買	連三週賣超	買轉賣		41%		294.0	-7.40%		59.87%
櫃通信	3163	波若威	-24.0	0.0	209.0	22	38	0.28%	0.03%	0.05%	賣轉買	賣轉買			4%		40.0	0.38%		59.21%
櫃通信	3221	台嘉碩	-315.0	0.0	173.0	286	525	0.17%	0.28%	0.51%	連二週買超	買轉賣			39%		21.05	-6.03%		51.67%
櫃通信	3234	光環	786.0	0.0	42.0	-1048	-1611	0.06%	-1.38%	-2.12%	買轉賣	連二週買超			23%	突破10日均價	35.45	3.35%		73.24%
櫃通信	3363	上詮	103.0	0.0	-225.0	-54	-130	-0.25%	-0.06%	-0.14%	買轉賣	賣轉買		創新低	0%		24.6	-2.77%		35.65%
櫃通信	3491	昇達科	4.0	0.0	-35.0	0	-37	-0.06%	0.00%	-0.06%	連二週賣超	連二週賣超			31%		72.7	-3.58%		44.08%
櫃通信	4908	前鼎	135.0	0.0	-247.0	78	-17	-0.32%	0.10%	-0.02%	連二週賣超	連二週買超			95%		36.75	-1.87%		34.49%
櫃通信	4979	華星光	48.0	0.0	277.0	-47	-84	0.23%	-0.04%	-0.07%	買轉賣	連二週賣超			0%	突破10日均價	22.45	10.05%		70.32%
櫃通信	6170	統振	-237.0	0.0	269.0	-89	90	0.30%	-0.10%	0.10%	連二週買超	連三週賣超			86%	突破5日均價	17.4	6.75%		75.72%
櫃通信	6190	萬泰科	-80.0	0.0	-2983.0	-519	-456	-2.13%	-0.37%	-0.32%	連二週賣超	連二週賣超			45%		15.75	-0.94%		66.99%
櫃通信	6245	立端	36.0	-8.0	-121.0	803	-138	-0.10%	0.68%	-0.12%	連二週賣超	連三週買超	連二週賣超		91%		55.3	-1.25%		58.09%
櫃通信	6426	統新	246.0	-70.0	-590.0	-593	-639	-1.53%	-1.54%	-1.66%	連三週賣超	賣轉買	買轉賣	創新低	0%		141.0	-4.73%		67.68%
櫃通信	6486	互動	25.0	0.0	12.0	0	-3	0.03%	0.00%	-0.01%	連二週賣超	連三週買超			71%		73.4	-2.65%		56.91%
櫃通信	8034	榮群	11.0	0.0	7.0	-37	-45	0.01%	-0.06%	-0.07%	連二週賣超	連二週買超			84%	突破5日均價	30.4	11.56%		100.00%
櫃通信	8059	凱碩	-46.0	0.0	174.0	-811	-773	0.09%	-0.43%	-0.41%	連二週賣超	連三週賣超			42%		13.4	-3.25%		31.40%
櫃通信	8176	智捷	-24.0	0.0	-69.0	0	18	-0.10%	0.00%	0.02%	賣轉買	買轉賣			64%		8.99	-8.27%		22.58%
櫃電零	1815	富喬	-319.0	0.0	580.0	719	1019	0.14%	0.17%	0.24%	賣轉買	買轉賣			75%		10.05	-2.90%		29.95%
櫃電零	3078	僑威	-196.0	0.0	-832.0	295	454	-0.37%	0.13%	0.20%	賣轉買	買轉賣			14%	突破5日均價	26.5	9.50%		75.89%
櫃電零	3144	新揚科	-253.0	0.0	-22.0	40	229	-0.02%	0.04%	0.23%	連三週買超	買轉賣			90%		25.5	-0.39%		43.80%
櫃電零	3191	和進	-30.0	0.0	-14.0	34	54	-0.02%	0.06%	0.09%	賣轉買	買轉賣			1%		44.7	-1.32%		31.75%
櫃電零	3202	樺晟	-390.0	0.0	-919.0	1570	1869	-0.78%	1.34%	1.60%	賣轉買	連二週賣超		創新高	100%	突破5日均價	20.4	9.38%		94.90%
櫃電零	3217	優群	-1304.0	0.0	368.0	-541	1160	0.45%	-0.66%	1.41%	賣轉買	連三週買超	連二週賣超		24%		91.6	1.66%		79.06%
櫃電零	3511	矽瑪	0.0	0.0	29522.0	18961	0	36.91%	23.71%	0.00%					37%		26.9	-5.28%		27.42%
櫃電零	3526	凡甲	306.0	-61.0	-1933.0	-576	-2054	-2.68%	-0.80%	-2.85%	買轉賣	買轉賣	連二週買超		36%		94.6	-1.36%		86.75%
櫃電零	3548	兆利	-41.0	0.0	-18.0	6	8	-0.03%	0.01%	0.01%	賣轉買	連三週賣超			49%		63.6	-4.50%	2019/11/15	19.47%
櫃電零	3624	光頡	31.0	0.0	23.0	23	0	0.02%	0.02%	0.00%	連二週買超	賣轉買			89%		27.7	-1.60%		64.39%
櫃電零	3631	晟楠	14.0	0.0	-435.0	343	333	-0.54%	0.43%	0.42%	連三週買超	賣轉買			64%	突破5日均價	50.0	10.99%	2019/12/27	71.29%
櫃電零	3710	連展投控	-95.0	0.0	-109.0	414	493	-0.05%	0.20%	0.24%	連三週買超	連三週賣超			85%		6.98	-0.29%		48.21%
櫃電零	4974	亞泰	86.0	0.0	-350.0	0	-58	-0.48%	0.00%	-0.08%	連二週賣超	連二週買超			58%		52.5	-2.42%		51.79%
櫃電零	5227	立凱-KY	183.0	0.0	-608.0	1087	930	-0.25%	0.45%	0.38%	賣轉買	連三週買超		創新高	100%		9.13	-5.39%		19.38%
櫃電零	5291	邑昇	-186.0	0.0	159.0	291	426	0.41%	0.75%	1.10%	賣轉買	連二週賣超			56%		22.0	-12.52%		34.12%
櫃電零	5309	系統	-2306.0	0.0	-1459.0	-1391	419	-0.96%	-0.92%	0.28%	連三週買超	買轉賣		創新高	100%		24.5	-6.31%		86.26%
櫃電零	5328	華容	68.0	0.0	490.0	0	-55	0.28%	0.00%	-0.03%	連三週賣超	連三週買超			60%		8.49	-2.64%		60.69%
櫃電零	5340	建榮	-213.0	0.0	-585.0	116	278	-0.30%	0.06%	0.14%	連二週買超	連二週賣超			94%	突破5日均價	43.5	-3.97%		61.88%
櫃電零	5349	先豐	632.0	-2.0	718.0	-403	-919	0.32%	-0.18%	-0.41%	連三週賣超	連三週買超		創新低	0%		20.9	-4.35%		50.35%
櫃電零	5457	宣德	552.0	-11.0	-671.0	1288	-1036	-0.40%	0.76%	-0.61%	買轉賣	賣轉買	連三週買超		17%	突破5日均價	76.0	2.29%		66.77%
櫃電零	5498	凱崴	-301.0	0.0	709.0	-49	193	0.43%	-0.03%	0.12%	連三週買超	買轉賣			59%	突破5日均價	11.45	9.05%		64.80%
櫃電零	6126	信音	341.0	0.0	1589.0	1160	892	1.21%	0.88%	0.68%	連二週買超	連三週買超		創新高	100%		15.3	-4.08%		84.91%
櫃電零	6127	九豪	458.0	0.0	1134.0	32	-320	1.05%	0.03%	-0.30%	連三週賣超	賣轉買			39%		17.05	-3.67%		84.45%
櫃電零	6173	信昌電	-196.0	0.0	-225.0	-154	-82	-0.13%	-0.09%	-0.05%	買轉賣	連二週賣超			30%		55.6	-3.30%		54.75%
櫃電零	6185	幃翔	-441.0	0.0	85.0	74	425	0.06%	0.05%	0.28%	連二週買超	連三週賣超			48%		15.4	-12.00%		28.18%
櫃電零	6217	中探針	-14.0	0.0	204.0	332	343	0.31%	0.51%	0.53%	連三週買超	連二週賣超		創新高	100%		29.85	-4.94%		54.59%
櫃電零	6266	泰詠	-80.0	0.0	44.0	138	198	0.04%	0.14%	0.20%	連二週買超	連二週賣超			25%	突破5日均價	20.5	-5.53%		72.19%
櫃電零	6274	台燿	3501.0	32.0	-151.0	-583	-2264	-0.06%	-0.22%	-0.85%	連二週賣超	連二週買超	連二週買超		59%		144.0	-5.57%		84.24%
櫃電零	6279	胡連	2313.0	0.0	-736.0	-1400	-2195	-0.76%	-1.44%	-2.26%	買轉賣	賣轉買	連三週買超	創新低	0%	突破5日均價	83.8	14.01%		64.19%
櫃電零	6284	佳邦	84.0	0.0	132.0	1135	1071	0.09%	0.81%	0.76%	賣轉買	連二週買超			3%		29.9	-5.38%		56.94%
櫃電零	6290	良維	-2994.0	0.0	-1200.0	-330	893	-0.83%	-0.23%	0.62%	連三週買超	連三週買超	連三週賣超		63%		61.4	-4.81%		64.05%
櫃電零	6432	今展科	64.0	0.0	-7.0	0	-44	-0.03%	0.00%	-0.18%	連三週賣超	連三週買超		創新低	0%	突破10日均價	29.85	2.05%		65.74%
櫃電零	6538	倉和	300.0	0.0	-80.0	-999	-156	-0.26%	-3.30%	-0.51%	連三週賣超	連三週賣超	賣轉買	創新低	0%	突破5日均價	254.5	1.60%		62.09%
櫃電零	8043	蜜望實	-52.0	0.0	0.0	0	38	0.00%	0.00%	0.05%	連二週買超	連二週賣超			12%		26.95	-5.44%		57.72%
櫃電零	8155	博智	-2051.0	-42.0	-1273.0	-1144	-275	-2.56%	-2.30%	-0.55%	連三週賣超	連二週買超	買轉賣		79%		154.5	-7.21%		77.75%
櫃電零	8182	加高	-220.0	0.0	-365.0	331	495	-0.34%	0.31%	0.46%	賣轉買	買轉賣			79%	突破10日均價	30.15	4.87%		73.94%
櫃電零	8289	泰藝電	189.0	0.0	-175.0	-6	-150	-0.26%	-0.01%	-0.22%	連三週賣超	連三週買超		創新低	0%	突破10日均價	11.85	0.85%		38.85%
櫃電零	8358	金居	3051.0	0.0	1089.0	1616	-800	0.43%	0.64%	-0.32%	連二週賣超	賣轉買	連三週買超		32%		41.9	-0.95%		75.92%
櫃通路	3360	尚立	-20.0	0.0	262.0	0	15	0.38%	0.00%	0.02%	賣轉買	買轉賣			1%	突破5日均價	16.4	9.70%		51.38%
櫃通路	8096	擎亞	-285.0	0.0	-529.0	1033	1261	-0.38%	0.74%	0.90%	連三週買超	買轉賣		創新高	100%	突破5日均價	11.5	-5.35%		84.60%
櫃他電	1785	光洋科	-684.0	0.0	-698.0	-199	457	-0.14%	-0.04%	0.09%	賣轉買	買轉賣			57%	突破10日均價	19.65	1.29%		62.78%
櫃他電	3131	弘塑	-11.0	4.0	66.0	0	65	0.23%	0.00%	0.22%	賣轉買	連二週賣超	連二週買超		28%	突破10日均價	236.0	4.42%		56.63%
櫃他電	3289	宜特	538.0	0.0	83.0	-1179	-1557	0.09%	-1.26%	-1.66%	買轉賣	買轉賣			4%		46.3	-4.54%		85.80%
櫃他電	3324	雙鴻	-1242.0	0.0	-336.0	199	248	-0.39%	0.23%	0.29%	賣轉買	買轉賣	連二週賣超		19%		161.5	-4.44%		43.19%
櫃他電	3373	熱映	-868.0	0.0	-1117.0	800	1275	-2.58%	1.85%	2.95%	連三週買超	買轉賣			91%	突破5日均價	112.5	-1.32%		87.30%
櫃他電	3402	漢科	-25.0	0.0	381.0	379	398	0.52%	0.52%	0.54%	連二週買超	買轉賣		創新高	100%		26.95	-3.06%		57.32%
櫃他電	3508	位速	93.0	0.0	-194.0	306	236	-0.19%	0.30%	0.23%	賣轉買	連三週買超			81%		19.2	-3.76%		37.11%
櫃他電	3551	世禾	-83.0	0.0	43.0	0	57	0.08%	0.00%	0.10%	賣轉買	買轉賣			11%	突破5日均價	43.9	0.46%		55.36%
櫃他電	3552	同致	87.0	0.0	-827.0	0	-886	-0.97%	0.00%	-1.04%	連三週賣超	連二週買超		創新低	0%	突破10日均價	55.7	5.49%		62.64%
櫃他電	3580	友威科	16.0	0.0	244.0	185	174	0.62%	0.47%	0.44%	賣轉買	連三週買超		創新高	100%	突破5日均價	23.5	2.62%		49.29%
櫃他電	3587	閎康	132.0	0.0	-502.0	-1071	-585	-0.81%	-1.72%	-0.94%	買轉賣	連三週買超		創新低	0%		73.5	-2.65%		64.75%
櫃他電	4760	勤凱	26.0	0.0	-60.0	0	-15	-0.20%	0.00%	-0.05%	連二週賣超	連三週賣超		創新低	0%		78.0	-1.76%		79.74%
櫃他電	6238	勝麗	777.0	0.0	1664.0	1312	1315	2.90%	2.29%	2.29%	賣轉買	連三週買超	連二週買超	創新高	100%	突破5日均價	165.0	3.12%		71.51%
櫃他電	6438	迅得	-66.0	0.0	953.0	6	996	1.58%	0.01%	1.65%	賣轉買	連二週買超			64%		58.8	-7.69%		42.04%
櫃他電	6667	信紘科	40.0	0.0	-8.0	0	-33	-0.02%	0.00%	-0.09%	連二週賣超	連二週買超		創新低	0%		71.0	-7.55%		60.31%
櫃他電	8183	精星	408.0	0.0	455.0	12	-304	0.38%	0.01%	-0.25%	買轉賣	賣轉買			34%		17.3	1.76%		72.87%
水泥	1101	台泥	-7576.0	635.0	-4680.0	1639	8581	-0.09%	0.03%	0.16%	連三週買超	連三週賣超	連二週買超	創新高	100%		42.3	-1.63%		76.65%
水泥	1102	亞泥	-11289.0	0.0	-3654.0	-1344	9944	-0.11%	-0.04%	0.30%	連二週買超	連三週賣超	連三週買超	創新高	100%	突破10日均價	43.95	-0.11%		62.17%
水泥	1103	嘉泥	-1147.0	0.0	-872.0	542	1690	-0.11%	0.07%	0.22%	賣轉買	連二週賣超			45%		16.0	-4.76%		28.95%
水泥	1104	環泥	-109.0	0.0	-329.0	0	109	-0.05%	0.00%	0.02%	賣轉買	買轉賣			90%		17.35	-1.98%		59.65%
水泥	1109	信大	-310.0	0.0	-144.0	0	274	-0.04%	0.00%	0.08%	賣轉買	連二週賣超			39%		17.3	-0.86%		50.00%
食品	1201	味全	-1102.0	0.0	-582.0	-202	854	-0.12%	-0.04%	0.17%	賣轉買	買轉賣			85%		22.0	-2.22%		58.22%
食品	1210	大成	2929.0	0.0	2622.0	-1158	-4087	0.32%	-0.14%	-0.49%	買轉賣	賣轉買	連三週買超		46%	突破5日均價	42.8	-1.27%		84.38%
食品	1215	卜蜂	2794.0	0.0	6248.0	7503	4170	2.33%	2.80%	1.56%	連三週買超	賣轉買	賣轉買	創新高	100%	突破10日均價	70.3	0.57%		93.40%
食品	1216	統一	-9195.0	0.0	71.0	-4545	9266	0.00%	-0.08%	0.16%	連三週買超	連三週賣超	買轉賣	創新高	100%		69.1	-2.54%		49.66%
食品	1217	愛之味	-120.0	0.0	-1327.0	98	216	-0.27%	0.02%	0.04%	賣轉買	買轉賣			54%		7.06	-2.08%		53.24%
食品	1227	佳格	-361.0	0.0	1594.0	-1189	1955	0.17%	-0.13%	0.21%	連二週買超	連二週賣超			12%	突破10日均價	67.0	2.13%	2020/03/20	72.86%
食品	1229	聯華	140.0	0.0	-1617.0	1436	1296	-0.15%	0.13%	0.12%	連二週買超	賣轉買			75%		41.25	-9.14%		74.22%
塑膠	1301	台塑	-22668.0	-299.0	-22916.0	-19097	51	-0.36%	-0.30%	0.00%	連二週買超	連二週賣超	連二週賣超		87%		83.6	-3.24%		48.02%
塑膠	1303	南亞	-3990.0	-211.0	-2548.0	-793	1653	-0.03%	-0.01%	0.02%	連二週買超	連二週賣超	連三週買超		88%		62.7	-2.03%		59.46%
塑膠	1304	台聚	-1158.0	0.0	507.0	1188	2347	0.04%	0.10%	0.20%	連二週買超	連二週賣超		創新高	100%		11.85	-2.47%		57.60%
塑膠	1305	華夏	-1654.0	-109.0	-3515.0	-948	776	-0.67%	-0.18%	0.15%	賣轉買	連二週賣超			4%	突破5日均價	18.15	-2.42%		55.08%
塑膠	1308	亞聚	1522.0	0.0	294.0	1552	40	0.05%	0.28%	0.01%	連三週買超	連三週買超		創新高	100%		17.0	-1.16%		87.62%
塑膠	1309	台達化	-123.0	0.0	297.0	-367	-257	0.09%	-0.11%	-0.08%	連三週賣超	買轉賣			37%	突破5日均價	10.8	7.46%		83.12%
塑膠	1310	台苯	-1395.0	0.0	-4651.0	-1161	207	-0.88%	-0.22%	0.04%	賣轉買	連二週賣超	連三週買超		52%		16.0	-4.48%		39.15%
塑膠	1312	國喬	-5275.0	-15.0	-3644.0	-5530	-241	-0.40%	-0.61%	-0.03%	買轉賣	連三週賣超			98%		13.8	-7.38%		36.00%
塑膠	1313	聯成	-1335.0	-6.0	1702.0	799	2140	0.13%	0.06%	0.16%	連三週買超	買轉賣			66%		9.31	-4.12%		48.39%
塑膠	1314	中石化	-9471.0	0.0	-5302.0	985	10457	-0.16%	0.03%	0.32%	賣轉買	連二週賣超			53%		8.09	-0.98%		43.01%
塑膠	1315	達新	-16.0	0.0	398.0	0	11	0.20%	0.00%	0.01%	賣轉買	買轉賣			11%	突破5日均價	51.1	4.50%		78.92%
塑膠	1321	大洋	-106.0	0.0	84.0	0	85	0.04%	0.00%	0.04%	連三週買超	連二週賣超			31%		29.6	-2.31%		43.00%
塑膠	1325	恆大	1365.0	0.0	1851.0	-110	-884	2.17%	-0.13%	-1.04%	買轉賣	賣轉買			5%	突破5日均價	113.0	25.56%		100.00%
塑膠	1326	台化	-12212.0	-90.0	-12180.0	-11722	122	-0.21%	-0.20%	0.00%	連二週買超	連二週賣超	連三週買超		46%		72.3	-1.90%		41.40%
塑膠	4306	炎洲	-431.0	0.0	291.0	-969	-538	0.05%	-0.17%	-0.09%	買轉賣	連二週賣超			96%	突破5日均價	10.65	-0.93%		33.55%
電器電纜	1604	聲寶	-253.0	0.0	-192.0	-1277	-1049	-0.05%	-0.33%	-0.27%	連二週賣超	連二週賣超			75%		19.55	-0.76%		73.74%
電器電纜	1605	華新	-7237.0	0.0	-2119.0	1995	9232	-0.06%	0.06%	0.28%	連二週買超	連三週賣超		創新高	100%		12.45	-1.58%	2020/04/10	29.25%
電器電纜	1608	華榮	-572.0	0.0	844.0	253	825	0.13%	0.04%	0.13%	連二週買超	連二週賣超		創新高	100%		9.1	-9.00%		68.90%
電器電纜	1609	大亞	-1650.0	0.0	-137.0	-1785	-135	-0.02%	-0.30%	-0.02%	買轉賣	連二週賣超			93%		10.4	-2.35%		68.19%
電器電纜	1611	中電	-704.0	0.0	-338.0	-537	97	-0.09%	-0.15%	0.03%	賣轉買	買轉賣			93%		13.1	-2.96%		75.00%
玻璃	1802	台玻	-1814.0	0.0	-825.0	0	1814	-0.03%	0.00%	0.06%	賣轉買	連二週賣超			99%		8.56	-4.04%		38.52%
玻璃	1809	中釉	-136.0	0.0	-334.0	0	110	-0.20%	0.00%	0.07%	連二週買超	買轉賣			22%		8.75	-4.58%		37.99%
造紙	1902	台紙	-261.0	0.0	1817.0	281	518	0.45%	0.07%	0.13%	賣轉買	買轉賣			86%		20.65	0.00%		38.96%
造紙	1904	正隆	520.0	0.0	1737.0	886	366	0.16%	0.08%	0.03%	賣轉買	連二週賣超	連二週買超		60%	突破5日均價	22.2	5.46%		69.92%
造紙	1905	華紙	-1171.0	0.0	458.0	-992	179	0.04%	-0.09%	0.02%	連二週買超	連二週賣超			12%	突破5日均價	7.41	-0.40%		40.24%
造紙	1907	永豐餘	-1384.0	0.0	742.0	1162	2546	0.04%	0.07%	0.15%	連三週買超	連二週賣超			58%	突破5日均價	13.0	2.77%		68.75%
造紙	1909	榮成	-5677.0	-41.0	-3745.0	-5723	-5	-0.31%	-0.47%	-0.00%	買轉賣	連二週賣超	賣轉買		28%		12.0	-1.23%		17.33%
鋼鐵	2002	中鋼	-25734.0	0.0	-22050.0	-20455	5279	-0.14%	-0.13%	0.03%	賣轉買	連二週賣超	連三週買超		22%		19.55	-0.51%		17.27%
鋼鐵	2006	東和鋼鐵	-508.0	0.0	-963.0	0	508	-0.10%	0.00%	0.05%	賣轉買	買轉賣	連三週買超		84%	突破5日均價	23.1	-0.22%		74.75%
鋼鐵	2014	中鴻	-2328.0	0.0	-1423.0	-574	1753	-0.10%	-0.04%	0.12%	賣轉買	連二週賣超			18%		7.15	-4.03%		32.71%
鋼鐵	2023	燁輝	-826.0	0.0	287.0	-765	61	0.02%	-0.04%	0.00%	連三週買超	連二週賣超		創新高	100%		8.33	-3.81%		39.08%
鋼鐵	2027	大成鋼	-4026.0	-8.0	-4020.0	-2097	1937	-0.33%	-0.17%	0.16%	連二週買超	連二週賣超			8%		25.55	-5.19%	2020/05/15	15.85%
鋼鐵	2031	新光鋼	-513.0	0.0	71.0	1770	2211	0.02%	0.57%	0.71%	連三週買超	連二週賣超			73%		23.6	-4.07%		41.21%
鋼鐵	9958	世紀鋼	-1884.0	0.0	-5440.0	-6274	-4142	-2.58%	-2.98%	-1.97%	連三週賣超	買轉賣	連三週賣超		10%		83.2	-7.14%		66.80%
橡膠	2101	南港	-2608.0	0.0	-704.0	-1167	1441	-0.08%	-0.14%	0.17%	賣轉買	買轉賣			82%		38.1	-4.99%		2.66%
橡膠	2102	泰豐	1831.0	0.0	969.0	899	-850	0.20%	0.19%	-0.18%	買轉賣	賣轉買			98%		15.4	-10.20%		69.20%
橡膠	2103	台橡	-4763.0	0.0	-5427.0	-5779	-1017	-0.66%	-0.70%	-0.12%	連二週賣超	連三週賣超			3%		16.1	-4.17%		26.23%
橡膠	2104	中橡	-4479.0	0.0	-2603.0	-689	3790	-0.26%	-0.07%	0.38%	賣轉買	連二週賣超			9%		19.9	-5.24%		12.59%
橡膠	2105	正新	-4454.0	-496.0	-8953.0	-11344	-6395	-0.28%	-0.35%	-0.20%	買轉賣	連二週賣超	買轉賣		79%		31.8	-6.06%		11.73%
橡膠	2107	厚生	-739.0	0.0	-426.0	384	1042	-0.12%	0.11%	0.30%	連三週買超	買轉賣		創新高	100%	突破5日均價	17.95	-0.28%		72.66%
橡膠	2108	南帝	-1275.0	0.0	31.0	3348	4525	0.01%	0.68%	0.92%	連二週買超	買轉賣		創新高	100%	突破10日均價	36.5	-4.33%		84.91%
櫃鋼鐵	5014	建錩	-59.0	0.0	-19.0	-16	32	-0.01%	-0.01%	0.02%	賣轉買	連二週賣超			9%		7.87	-5.29%		37.42%
資訊服務	2453	凌群	-422.0	0.0	73.0	-1060	-736	0.07%	-1.06%	-0.74%	連二週賣超	買轉賣			14%		16.15	-5.00%		73.29%
資訊服務	3029	零壹	-332.0	0.0	-536.0	-1073	-825	-0.43%	-0.86%	-0.66%	買轉賣	買轉賣			74%		31.8	-5.50%		69.23%
資訊服務	6214	精誠	-513.0	0.0	-673.0	-188	-298	-0.25%	-0.07%	-0.11%	買轉賣	買轉賣			52%		77.6	-1.02%		68.83%
營建	1316	上曜	-222.0	0.0	110.0	1015	1198	0.06%	0.55%	0.65%	賣轉買	連二週賣超		創新高	100%		11.15	-1.33%		51.29%
營建	1442	名軒	-89.0	0.0	137.0	92	169	0.04%	0.03%	0.05%	賣轉買	買轉賣			88%	突破10日均價	17.4	1.75%		54.40%
營建	2501	國建	-717.0	5.0	-460.0	-463	248	-0.04%	-0.04%	0.02%	連三週買超	連二週賣超		創新高	100%		18.7	-1.84%		50.70%
營建	2504	國產	-2049.0	15.0	4501.0	10387	12422	0.32%	0.75%	0.90%	連二週買超	連二週賣超	買轉賣		89%		13.8	-1.78%		66.29%
營建	2505	國揚	-4485.0	0.0	-7665.0	-6199	-1715	-1.10%	-0.89%	-0.25%	買轉賣	連二週賣超			78%		19.65	-14.94%		52.90%
營建	2511	太子	-1350.0	0.0	-772.0	0	1350	-0.05%	0.00%	0.08%	連二週買超	連二週賣超		創新高	100%		9.71	-1.12%		49.23%
營建	2515	中工	-2100.0	0.0	-1608.0	-4745	-2646	-0.11%	-0.31%	-0.17%	連三週賣超	連二週賣超			50%		6.74	-2.74%		53.37%
營建	2520	冠德	-590.0	0.0	1644.0	-151	410	0.33%	-0.03%	0.08%	賣轉買	連二週賣超			59%		25.35	-1.36%	2019/12/06	49.04%
營建	2534	宏盛	-673.0	0.0	-1506.0	1304	1977	-0.25%	0.22%	0.33%	賣轉買	連三週賣超			5%		16.9	-2.59%		28.00%
營建	2535	達欣工	-10.0	0.0	-114.0	702	711	-0.04%	0.22%	0.22%	賣轉買	連二週賣超			63%		21.4	-0.93%		72.73%
營建	2536	宏普	-373.0	0.0	-252.0	-299	25	-0.08%	-0.09%	0.01%	連三週買超	連二週賣超		創新高	100%	突破10日均價	22.85	1.78%		71.43%
營建	2537	聯上發	-88.0	0.0	-818.0	270	347	-0.27%	0.09%	0.12%	連二週買超	連二週賣超			46%		9.79	-3.07%		72.89%
營建	2538	基泰	-384.0	0.0	-361.0	-1403	-1038	-0.08%	-0.32%	-0.24%	連三週賣超	連二週賣超			58%		9.68	-1.63%		34.82%
營建	2542	興富發	-5340.0	0.0	-4197.0	-3499	1840	-0.36%	-0.30%	0.16%	賣轉買	連二週賣超		創新高	100%		43.55	-0.57%		73.20%
營建	2547	日勝生	-1731.0	0.0	-1262.0	182	1913	-0.14%	0.02%	0.21%	連二週買超	連二週賣超		創新高	100%		9.72	-2.80%		50.47%
營建	2548	華固	-559.0	-1.0	138.0	-913	534	0.05%	-0.33%	0.19%	連二週買超	連三週賣超	賣轉買		81%		90.4	-0.88%		66.67%
營建	2841	台開	-638.0	0.0	-649.0	608	1247	-0.09%	0.08%	0.16%	賣轉買	連二週賣超			28%		6.46	-0.46%		37.90%
營建	3052	夆典	-581.0	0.0	-1052.0	-297	193	-0.46%	-0.13%	0.08%	連三週買超	連二週賣超			12%		10.4	-3.26%		46.36%
營建	3056	總太	-261.0	0.0	-1705.0	-334	-128	-0.81%	-0.16%	-0.06%	連三週賣超	連二週賣超			38%		31.45	-0.47%		80.59%
營建	3703	欣陸	-945.0	0.0	237.0	-2469	-1525	0.03%	-0.30%	-0.19%	連三週賣超	連三週賣超			69%	突破5日均價	11.55	-1.70%		40.30%
營建	5519	隆大	299.0	0.0	1244.0	-65	-313	0.57%	-0.03%	-0.14%	連三週賣超	賣轉買			57%		14.6	-1.02%		64.49%
營建	5521	工信	-718.0	0.0	-9057.0	-13425	-12737	-2.02%	-3.00%	-2.85%	買轉賣	買轉賣			44%		8.07	-7.56%		54.38%
營建	5522	遠雄	-952.0	0.0	3034.0	2660	3613	0.38%	0.33%	0.45%	連三週買超	連三週賣超		創新高	100%	突破10日均價	44.0	3.04%		93.71%
營建	5531	鄉林	-593.0	0.0	-19.0	98	692	-0.00%	0.01%	0.07%	連三週買超	連二週賣超			77%		8.58	-4.35%		18.92%
營建	5534	長虹	-409.0	0.0	98.0	29	397	0.03%	0.01%	0.14%	連三週買超	連三週賣超	賣轉買	創新高	100%		81.9	-0.24%		86.70%
營建	6177	達麗	57.0	0.0	-1601.0	-1106	-1152	-0.62%	-0.43%	-0.45%	買轉賣	賣轉買			10%		28.35	-2.58%		84.97%
營建	9946	三發地產	-301.0	0.0	-380.0	-451	-188	-0.13%	-0.15%	-0.06%	買轉賣	連三週賣超			52%		14.95	-5.38%		30.02%
航運	2208	台船	536.0	0.0	707.0	1418	915	0.15%	0.30%	0.19%	賣轉買	連二週賣超			46%		23.5	-2.08%		65.98%
航運	2603	長榮海	-7021.0	-783.0	-10430.0	-11069	-3266	-0.22%	-0.23%	-0.07%	買轉賣	連二週賣超	連三週買超		51%		10.45	-0.95%		32.93%
航運	2605	新興	-283.0	-185.0	-1586.0	-468	0	-0.27%	-0.08%	0.00%		買轉賣			90%		13.6	-5.56%		54.85%
航運	2606	裕民	-3260.0	0.0	-2679.0	-1267	1992	-0.32%	-0.15%	0.24%	賣轉買	連三週賣超	連三週買超		8%		28.0	-2.95%		46.44%
航運	2607	榮運	-472.0	0.0	-1223.0	-1280	-809	-0.11%	-0.12%	-0.08%	買轉賣	連二週賣超			97%		12.8	-1.54%		50.70%
航運	2609	陽明	-345.0	0.0	248.0	-520	-176	0.01%	-0.02%	-0.01%	買轉賣	連二週賣超			60%		6.32	-0.78%		54.64%
航運	2610	華航	-1374.0	0.0	2184.0	2710	4085	0.04%	0.05%	0.08%	連三週買超	連二週賣超	連三週買超	創新高	100%	突破10日均價	8.03	2.82%		69.32%
航運	2615	萬海	-1429.0	0.0	-1394.0	887	2316	-0.06%	0.04%	0.10%	賣轉買	連二週賣超	連三週買超		59%		15.55	-7.16%		54.48%
航運	2618	長榮航	-21892.0	0.0	-15166.0	-15046	6846	-0.31%	-0.31%	0.14%	賣轉買	連三週賣超	連三週買超		25%		10.8	-1.37%		45.93%
航運	2633	台灣高鐵	-2161.0	0.0	-4422.0	-3376	-1216	-0.08%	-0.06%	-0.02%	買轉賣	連二週賣超	賣轉買		82%		33.5	0.00%		50.99%
航運	2634	漢翔	-1569.0	-1.0	1144.0	1130	2701	0.12%	0.12%	0.29%	連二週買超	連二週賣超	連三週買超		78%		27.4	-1.97%		14.14%
航運	2637	慧洋-KY	-1030.0	0.0	4089.0	5444	6475	0.59%	0.79%	0.94%	連二週買超	連二週賣超	連三週買超	創新高	100%		23.35	-4.30%		35.11%
航運	5607	遠雄港	-147.0	0.0	-59.0	-229	-109	-0.03%	-0.10%	-0.05%	連三週賣超	連二週賣超			32%		21.65	-0.46%		43.02%
觀光	2702	華園	-263.0	0.0	7.0	22	225	0.01%	0.02%	0.20%	連二週買超	連二週賣超		創新高	100%	突破5日均價	15.6	0.32%		37.31%
觀光	2704	國賓	-65.0	0.0	139.0	-440	-382	0.04%	-0.12%	-0.10%	買轉賣	買轉賣			98%		26.4	-0.75%		40.78%
觀光	2723	美食-KY	-195.0	79.0	115.0	-1062	162	0.06%	-0.59%	0.09%	連二週買超	買轉賣			99%	突破10日均價	96.0	2.89%		43.19%
貿易百貨	2601	益航	-1791.0	0.0	-3178.0	-4416	-2626	-0.50%	-0.70%	-0.42%	買轉賣	連三週賣超			90%		9.71	-2.90%		60.77%
貿易百貨	2614	東森	8470.0	0.0	4635.0	10077	1634	0.83%	1.81%	0.29%	賣轉買	連三週買超			27%	突破10日均價	15.75	4.65%		75.00%
貿易百貨	2903	遠百	-1415.0	0.0	514.0	1275	2690	0.04%	0.09%	0.19%	賣轉買	連二週賣超		創新高	100%	突破5日均價	23.75	2.15%		51.56%
貿易百貨	2905	三商	-641.0	0.0	-45.0	1488	2129	-0.01%	0.18%	0.26%	連三週買超	買轉賣			98%		21.2	-4.50%		74.74%
貿易百貨	2912	統一超	300.0	0.0	402.0	1039	201	0.04%	0.10%	0.02%	連三週買超	連三週買超	買轉賣	創新高	100%		300.0	-1.64%		74.47%
貿易百貨	2913	農林	-946.0	0.0	1703.0	1026	1973	0.22%	0.13%	0.25%	連三週買超	買轉賣		創新高	100%		14.15	-3.08%		47.93%
貿易百貨	2915	潤泰全	-3564.0	0.0	-3445.0	-2937	-242	-0.61%	-0.52%	-0.04%	連三週賣超	連三週賣超			47%	突破5日均價	67.0	-1.18%	2019/11/29	36.02%
貿易百貨	2929	淘帝-KY	29.0	0.0	-531.0	-85	-550	-0.56%	-0.09%	-0.58%	連二週賣超	連二週賣超		創新低	0%		58.3	-16.83%		15.61%
其他	2443	億麗	-9.0	0.0	115.0	189	196	0.08%	0.13%	0.13%	賣轉買	買轉賣		創新高	100%	突破5日均價	3.05	7.39%		26.44%
其他	5871	中租-KY	-1700.0	0.0	-1394.0	3718	306	-0.10%	0.28%	0.02%	連三週買超	連二週賣超	買轉賣	創新高	100%		112.5	-0.44%		52.49%
其他	6504	南六	1134.0	18.0	-29.0	137	-411	-0.04%	0.19%	-0.57%	連三週賣超	買轉賣	連三週買超	創新低	0%		232.5	-1.06%		86.40%
其他	6592	和潤企業	-829.0	0.0	1276.0	1287	1980	0.25%	0.25%	0.38%	連三週買超	連二週賣超	買轉賣	創新高	100%		78.7	-0.51%		22.18%
其他	6670	復盛應用	-477.0	0.0	-364.0	-1244	-119	-0.28%	-0.95%	-0.09%	連三週賣超	連二週賣超	連二週買超	創新低	0%		151.5	-4.42%		17.93%
其他	8404	百和興業-KY	-510.0	0.0	-696.0	-126	307	-0.22%	-0.04%	0.10%	連二週買超	連二週賣超			64%		28.5	-4.20%		16.96%
其他	8464	億豐	-323.0	0.0	1062.0	468	1197	0.36%	0.16%	0.41%	連二週買超	連三週賣超		創新高	100%	突破5日均價	239.0	3.46%		52.26%
其他	9802	鈺齊-KY	-1952.0	0.0	-751.0	-717	560	-0.43%	-0.41%	0.32%	賣轉買	連二週賣超	買轉賣		58%		82.9	-10.09%		19.86%
其他	9904	寶成	-11703.0	-1255.0	-23847.0	-26815	-13858	-0.81%	-0.91%	-0.47%	連三週賣超	連二週賣超	賣轉買		61%		26.65	-3.96%		19.79%
其他	9907	統一實	-2619.0	0.0	-3191.0	-2052	566	-0.20%	-0.13%	0.04%	賣轉買	連二週賣超			5%		8.55	-2.73%		23.73%
其他	9910	豐泰	-1462.0	0.0	-1789.0	2130	-607	-0.24%	0.29%	-0.08%	買轉賣	連三週賣超	買轉賣		98%		154.5	-5.50%		42.86%
其他	9919	康那香	3076.0	0.0	9002.0	6388	3944	4.61%	3.27%	2.02%	賣轉買	賣轉買			19%		26.6	-27.32%		53.91%
其他	9921	巨大	2522.0	0.0	-670.0	-787	-2030	-0.18%	-0.21%	-0.54%	連三週賣超	連三週買超	買轉賣		57%	突破5日均價	199.0	5.85%		73.78%
其他	9933	中鼎	-3551.0	600.0	158.0	-1068	1882	0.02%	-0.14%	0.25%	賣轉買	連三週賣超			5%		32.85	-0.90%		43.57%
其他	9934	成霖	-522.0	0.0	-736.0	-214	258	-0.21%	-0.06%	0.07%	連二週買超	連二週賣超			81%		12.05	-6.59%		22.64%
其他	9935	慶豐富	-199.0	0.0	469.0	305	460	0.28%	0.18%	0.27%	連二週買超	連二週賣超			57%		26.85	-6.12%		27.55%
其他	9938	百和	-2918.0	-167.0	-3918.0	-4022	-1480	-1.31%	-1.35%	-0.50%	買轉賣	連三週賣超	連二週賣超		6%		60.5	-5.91%		38.87%
其他	9939	宏全	-2091.0	0.0	751.0	1435	2401	0.26%	0.49%	0.82%	連三週買超	連三週賣超		創新高	100%		53.6	-0.74%		53.04%
其他	9944	新麗	20.0	0.0	2298.0	971	955	2.11%	0.89%	0.88%	連二週買超	賣轉買			9%	突破5日均價	19.8	-3.18%		42.72%
其他	9945	潤泰新	-826.0	0.0	-1672.0	-1504	-679	-0.17%	-0.15%	-0.07%	連三週賣超	連二週賣超		創新低	0%	突破5日均價	44.35	0.91%		78.30%
其他	9955	佳龍	-219.0	0.0	-23.0	0	168	-0.02%	0.00%	0.16%	賣轉買	買轉賣			75%	突破5日均價	15.7	0.96%		43.24%
櫃資服	4953	緯軟	-19.0	0.0	248.0	1035	260	0.37%	1.56%	0.39%	連二週買超	買轉賣			55%		73.2	-6.27%		31.41%
櫃資服	5212	凌網	-131.0	0.0	-316.0	-1201	-1113	-0.91%	-3.47%	-3.21%	連二週賣超	連三週賣超			43%		46.95	-12.57%		42.05%
櫃資服	6231	系微	-157.0	0.0	381.0	0	480	1.00%	0.00%	1.26%	賣轉買	買轉賣			60%	突破5日均價	66.5	1.06%		86.74%
櫃營建	4113	聯上	-145.0	0.0	76.0	0	120	0.04%	0.00%	0.06%	連三週買超	連三週賣超			70%		12.6	-1.56%		32.18%
櫃營建	5206	坤悅	-58.0	0.0	67.0	0	46	0.05%	0.00%	0.03%	連三週買超	連三週賣超			17%		14.8	-1.99%		40.79%
櫃營建	5213	亞昕	-22.0	0.0	204.0	207	227	0.06%	0.06%	0.07%	連三週買超	連三週賣超		創新高	100%		14.8	0.00%		37.21%
櫃營建	5512	力麒	-389.0	0.0	-581.0	-148	240	-0.08%	-0.02%	0.03%	連二週買超	買轉賣		創新高	100%		9.24	-1.60%		54.42%
櫃營建	5529	志嘉	-51.0	0.0	-50.0	106	146	-0.06%	0.12%	0.17%	連二週買超	連二週賣超			0%		6.2	-6.77%		0.00%
櫃營建	6219	富旺	-1363.0	0.0	-2541.0	-5405	-4316	-1.65%	-3.51%	-2.80%	連三週賣超	買轉賣		創新低	0%		13.9	-17.26%		14.53%
櫃航運	5609	中菲行	-456.0	0.0	-250.0	340	684	-0.20%	0.27%	0.54%	連三週買超	買轉賣		創新高	100%	突破10日均價	28.35	3.28%		87.68%
櫃觀光	2732	六角	-359.0	0.0	6.0	8	181	0.01%	0.02%	0.45%	連二週買超	連三週賣超	連二週買超		76%		141.0	-6.93%		40.23%
櫃貿易	5905	南仁湖	-1130.0	0.0	-730.0	-1157	-224	-0.38%	-0.61%	-0.12%	買轉賣	連三週賣超			13%	突破10日均價	9.55	9.02%		30.85%
櫃文創	3083	網龍	507.0	0.0	492.0	0	171	0.57%	0.00%	0.20%	連三週買超	賣轉買			53%	突破5日均價	80.3	10.00%		82.38%
櫃文創	3293	鈊象	-344.0	0.0	-86.0	-253	-86	-0.12%	-0.36%	-0.12%	連二週賣超	賣轉買	連三週賣超		10%	突破5日均價	531.0	2.71%		64.81%
櫃文創	3546	宇峻	65.0	0.0	-1008.0	-12	-1046	-2.41%	-0.03%	-2.51%	連三週賣超	賣轉買		創新低	0%		88.5	-13.66%		41.23%
櫃文創	3687	歐買尬	-73.0	0.0	447.0	0	49	1.49%	0.00%	0.16%	連二週買超	連二週賣超			31%		40.55	-0.98%		81.58%
櫃文創	4803	VHQ-KY	-14.0	0.0	-847.0	-1232	-838	-2.15%	-3.13%	-2.13%	買轉賣	連二週賣超		創新低	0%		78.2	-5.56%		30.95%
櫃文創	6180	橘子	203.0	0.0	-720.0	-87	-865	-0.41%	-0.05%	-0.49%	連三週賣超	連二週買超			25%	突破5日均價	61.1	1.16%		96.92%
櫃文創	8489	三貝德	-342.0	0.0	0.0	0	217	0.00%	0.00%	0.57%	賣轉買	買轉賣			30%		66.1	-8.70%		23.69%
櫃電商	8044	網家	-228.0	0.0	281.0	0	420	0.24%	0.00%	0.36%	賣轉買	連三週賣超	買轉賣		23%		97.8	-4.12%		47.88%
櫃其他	8390	金益鼎	2.0	0.0	131.0	645	644	0.14%	0.67%	0.67%	連三週買超	連三週買超		創新高	100%	突破5日均價	18.0	-0.83%	2019/11/15	72.78%
食品	1218	泰山	352.0	0.0	-617.0	-1899	-2234	-0.12%	-0.38%	-0.45%	買轉賣	連三週買超			70%	突破5日均價	24.8	3.12%		74.71%
紡織	1439	中和	-261.0	0.0	-1027.0	-607	-417	-1.12%	-0.66%	-0.45%	連三週賣超	買轉賣		創新低	0%		34.45	-4.44%		72.69%
紡織	1441	大東	-6.0	0.0	-14.0	0	4	-0.01%	0.00%	0.00%	連二週買超	連二週賣超			31%		6.91	-4.16%		33.66%
紡織	1476	儒鴻	-3642.0	-140.0	-1771.0	-548	-362	-0.65%	-0.20%	-0.13%	連三週賣超	連三週賣超	買轉賣	創新低	0%		269.5	-1.46%		32.46%
電機	1527	鑽全	-270.0	0.0	334.0	0	533	0.24%	0.00%	0.38%	賣轉買	買轉賣	買轉賣		45%		39.4	-8.58%		35.09%
化學	1721	三晃	-75.0	0.0	326.0	-22	41	0.15%	-0.01%	0.02%	連二週買超	買轉賣		創新高	100%		9.76	-5.70%		52.54%
鋼鐵	2024	志聯	0.0	0.0	229.0	1150	1151	0.23%	1.18%	1.18%	連三週買超			創新高	100%	突破5日均價	12.15	-0.41%		39.66%
橡膠	2109	華豐	-217.0	0.0	235.0	997	1190	0.07%	0.30%	0.36%	賣轉買	買轉賣			97%	突破10日均價	12.85	-6.55%		75.34%
汽車	2207	和泰車	-210.0	0.0	-376.0	273	-374	-0.07%	0.05%	-0.07%	連二週賣超	連二週賣超	連二週賣超		13%		509.0	-1.74%		46.70%
汽車	2227	裕日車	79.0	0.0	82.0	0	51	0.03%	0.00%	0.02%	連三週買超	買轉賣	連三週買超		81%		258.5	-2.45%		71.56%
半導體	5471	松翰	-2317.0	-2273.0	-7770.0	-5304	-1366	-4.63%	-3.16%	-0.81%	買轉賣	買轉賣	連二週買超		11%	突破10日均價	57.5	-1.37%		88.29%
電腦週邊	2331	精英	-437.0	0.0	-573.0	0	437	-0.10%	0.00%	0.08%	連三週買超	連二週賣超			87%	突破10日均價	11.3	0.89%		58.65%
電腦週邊	2365	昆盈	-1609.0	0.0	140.0	257	1627	0.06%	0.11%	0.69%	賣轉買	買轉賣			93%		7.94	-1.12%		79.05%
電腦週邊	3060	銘異	-174.0	0.0	-563.0	-96	41	-0.41%	-0.07%	0.03%	賣轉買	連三週賣超			100%	突破10日均價	12.9	5.31%		44.78%
光電	3669	圓展	13.0	0.0	-884.0	-9	-18	-0.95%	-0.01%	-0.02%	連三週賣超	連三週買超		創新低	0%		30.5	-3.17%		68.35%
光電	6168	宏齊	-307.0	0.0	-142.0	41	296	-0.07%	0.02%	0.14%	連二週買超	買轉賣		創新高	100%	突破10日均價	12.3	-1.99%		67.74%
電子零組件	2059	川湖	-656.0	0.0	51.0	114	179	0.05%	0.12%	0.19%	賣轉買	連二週賣超			5%		301.0	-2.27%		15.05%
電子通路	3055	蔚華科	-8.0	0.0	-132.0	-122	-117	-0.13%	-0.12%	-0.11%	買轉賣	買轉賣			40%		27.5	-0.90%		28.46%
資訊服務	4994	傳奇	8.0	0.0	501.0	-962	495	0.45%	-0.87%	0.45%	賣轉買	連三週買超		創新高	100%		64.9	-2.99%		49.46%
資訊服務	5203	訊連	-198.0	0.0	-726.0	237	-614	-0.85%	0.28%	-0.72%	買轉賣	買轉賣			61%		115.0	-2.13%	2019/11/22	73.06%
資訊服務	6183	關貿	-58.0	0.0	12.0	0	42	0.01%	0.00%	0.03%	連三週買超	連三週賣超		創新高	100%		42.0	-1.41%		89.22%
其它電子	3030	德律	4.0	0.0	-738.0	-70	-741	-0.31%	-0.03%	-0.31%	連二週賣超	連二週賣超			52%	突破10日均價	53.6	0.37%		83.62%
其它電子	6409	旭隼	254.0	0.0	-199.0	-1266	-199	-0.24%	-1.52%	-0.24%	連二週賣超	連三週買超			7%	突破5日均價	784.0	5.80%		86.29%
航運	2608	嘉里大榮	202.0	0.0	448.0	1027	844	0.10%	0.22%	0.18%	賣轉買	連三週買超			65%	突破5日均價	39.85	-3.74%		78.90%
航運	2642	宅配通	-506.0	0.0	-808.0	0	370	-0.85%	0.00%	0.39%	賣轉買	買轉賣			34%	突破5日均價	33.05	4.09%		88.89%
貿易百貨	8454	富邦媒	-347.0	-99.0	-460.0	-392	-361	-0.33%	-0.28%	-0.26%	買轉賣	買轉賣	買轉賣	創新低	0%		489.5	-15.46%		71.94%
其他	1435	中福	-108.0	0.0	101.0	69	156	0.07%	0.05%	0.11%	連三週買超	連三週賣超		創新高	100%	突破5日均價	8.09	0.12%		49.07%
其他	8341	日友	283.0	0.0	752.0	167	677	0.67%	0.15%	0.61%	賣轉買	連三週買超	連三週買超		84%	突破5日均價	271.0	8.40%		100.00%
櫃化工	6506	雙邦	-39.0	0.0	-4.0	938	968	-0.00%	1.14%	1.18%	賣轉買	買轉賣		創新高	100%		17.65	-2.75%		39.78%
櫃化工	6509	聚和	-90.0	0.0	362.0	281	353	0.21%	0.16%	0.20%	連二週買超	連二週賣超			92%	突破5日均價	19.15	6.69%		96.72%
櫃生技	1565	精華	-79.0	-75.0	-173.0	-100	-92	-0.34%	-0.20%	-0.18%	連三週賣超	買轉賣			24%		354.0	-1.80%		33.02%
櫃半導	3529	力旺	52.0	0.0	65.0	121	54	0.09%	0.16%	0.07%	連二週買超	買轉賣	連三週買超		13%	突破5日均價	297.5	2.41%		65.25%
櫃半導	5274	信驊	137.0	50.0	28.0	0	-22	0.08%	0.00%	-0.06%	買轉賣	連三週買超	連三週賣超		41%	突破5日均價	1335.0	8.10%		100.00%
櫃半導	6643	M31	-135.0	0.0	15.0	15	47	0.05%	0.05%	0.15%	賣轉買	買轉賣	買轉賣		86%		261.0	-3.51%		37.35%
櫃電腦	3625	西勝	49.0	0.0	1.0	0	-37	0.00%	0.00%	-0.05%	連二週賣超	賣轉買		創新低	0%		15.55	-1.89%		33.70%
櫃電零	3294	英濟	-18.0	0.0	-45.0	-26	-11	-0.03%	-0.02%	-0.01%	買轉賣	買轉賣			64%	突破10日均價	13.8	3.76%		46.71%
櫃電零	6208	日揚	0.0	0.0	3370.0	2683	0	3.24%	2.58%	0.00%					99%		25.1	-2.90%		55.14%
櫃觀光	2729	瓦城	-77.0	-1.0	0.0	0	25	0.00%	0.00%	0.11%	連三週買超	連三週賣超		創新高	100%		220.5	-2.43%		44.73%
櫃貿易	5904	寶雅	231.0	0.0	273.0	-48	273	0.28%	-0.05%	0.28%	賣轉買	賣轉買	賣轉買		10%	突破5日均價	600.0	19.76%		100.00%
塑膠	1337	再生-KY	-130.0	0.0	-238.0	-753	-639	-0.09%	-0.28%	-0.24%	買轉賣	買轉賣			72%	突破10日均價	4.91	-4.84%		55.48%
紡織	1416	廣豐	-32.0	0.0	27.0	-18	7	0.01%	-0.01%	0.00%	連二週買超	連二週賣超			76%	突破10日均價	11.3	0.89%		42.70%
紡織	1455	集盛	-1547.0	0.0	175.0	1101	2648	0.03%	0.18%	0.43%	連三週買超	買轉賣		創新高	100%		6.85	-3.52%		64.10%
紡織	1457	宜進	-423.0	0.0	-542.0	-1055	-684	-0.18%	-0.35%	-0.23%	買轉賣	連二週賣超			94%	突破10日均價	12.1	1.68%		53.67%
紡織	1467	南緯	-276.0	0.0	1000.0	2336	2569	0.43%	1.00%	1.10%	連三週買超	連二週賣超		創新高	100%	突破10日均價	10.05	3.40%		84.28%
紡織	1472	三洋紡	-81.0	0.0	-240.0	0	60	-0.52%	0.00%	0.13%	賣轉買	買轉賣			1%		10.45	-14.69%		8.85%
紡織	1474	弘裕	-19.0	0.0	1830.0	688	704	1.41%	0.53%	0.54%	賣轉買	連二週賣超			11%		9.53	-4.70%		59.94%
紡織	4426	利勤	-249.0	0.0	258.0	0	450	0.16%	0.00%	0.28%	賣轉買	連二週賣超			21%		29.55	-7.37%		24.38%
電機	1526	日馳	-187.0	0.0	-260.0	0	139	-0.43%	0.00%	0.23%	連二週買超	連二週賣超			21%		18.1	-8.35%		36.26%
電機	4526	東台	-77.0	0.0	-124.0	-1121	-1055	-0.05%	-0.44%	-0.41%	買轉賣	連二週賣超			53%		12.65	-2.69%		35.21%
電機	4532	瑞智	-1098.0	0.0	-1246.0	-1817	-753	-0.25%	-0.36%	-0.15%	連三週賣超	買轉賣		創新低	0%		17.05	-0.29%		31.22%
電機	4540	全球傳動	-154.0	0.0	79.0	-9	186	0.08%	-0.01%	0.19%	賣轉買	買轉賣			100%		50.9	-1.17%		58.72%
電器電纜	1612	宏泰	-85.0	0.0	-485.0	-31	44	-0.15%	-0.01%	0.01%	連二週買超	買轉賣			92%		10.0	-6.98%		66.26%
化學	1708	東鹼	-277.0	0.0	567.0	-1692	-1468	0.27%	-0.80%	-0.69%	買轉賣	連二週賣超		創新低	0%		24.0	-2.04%		70.69%
化學	1709	和益	-455.0	0.0	-139.0	1097	1535	-0.03%	0.23%	0.32%	賣轉買	買轉賣			3%	突破5日均價	12.8	-1.92%		43.08%
化學	1711	永光	-583.0	0.0	-538.0	-383	196	-0.10%	-0.07%	0.04%	賣轉買	買轉賣			4%		14.8	-3.58%		71.67%
化學	1723	中碳	-694.0	0.0	155.0	-260	616	0.07%	-0.11%	0.26%	賣轉買	連三週賣超		創新高	100%	突破5日均價	101.5	0.50%		37.34%
化學	4720	德淵	-310.0	0.0	-3501.0	-1043	-806	-3.93%	-1.17%	-0.90%	連三週賣超	連二週賣超		創新低	0%		16.25	-4.97%		66.87%
化學	4739	康普	2.0	0.0	470.0	493	468	0.51%	0.53%	0.50%	連二週買超	連三週賣超	連三週買超	創新高	100%		58.3	-7.46%		53.41%
生技醫療	1598	岱宇	-49.0	0.0	41.0	-57	-21	0.04%	-0.05%	-0.02%	連三週賣超	連二週賣超			24%		38.7	-3.97%		58.70%
生技醫療	1707	葡萄王	-1397.0	124.0	1118.0	1035	1600	0.82%	0.76%	1.17%	賣轉買	連二週賣超	連三週賣超		28%		192.0	-2.78%	2020/04/10	23.40%
生技醫療	1760	寶齡富錦	-1880.0	-585.0	-1993.0	-4842	-474	-2.60%	-6.31%	-0.62%	買轉賣	買轉賣	連二週買超		91%	突破5日均價	146.0	-0.34%		91.41%
生技醫療	3705	永信	78.0	0.0	64.0	-239	-301	0.02%	-0.09%	-0.11%	連三週賣超	連三週買超		創新低	0%	突破5日均價	47.5	2.26%		91.23%
生技醫療	4106	雃博	-95.0	0.0	818.0	-60	8	0.81%	-0.06%	0.01%	賣轉買	買轉賣			26%	突破5日均價	31.95	23.84%		100.00%
生技醫療	4141	龍燈-KY	-101.0	0.0	81.0	85	167	0.05%	0.05%	0.10%	賣轉買	買轉賣			80%		14.1	-6.00%		57.40%
生技醫療	4155	訊映	-235.0	0.0	-124.0	-7	163	-0.16%	-0.01%	0.21%	賣轉買	買轉賣			16%	突破5日均價	29.6	3.32%		41.52%
生技醫療	4164	承業醫	10.0	0.0	90.0	28	21	0.06%	0.02%	0.01%	連三週買超				5%	突破10日均價	37.8	1.75%		65.91%
玻璃	1806	冠軍	-52.0	0.0	103.0	0	49	0.02%	0.00%	0.01%	連二週買超	連二週賣超			94%		4.79	-2.24%		28.17%
玻璃	1810	和成	-187.0	0.0	712.0	369	542	0.19%	0.10%	0.15%	連三週買超	連二週賣超		創新高	100%		7.27	-3.32%		60.78%
造紙	1906	寶隆	-107.0	0.0	-38.0	-15	70	-0.03%	-0.01%	0.05%	賣轉買	買轉賣			63%		11.7	-2.90%		31.46%
鋼鐵	2010	春源	-412.0	0.0	-722.0	-259	153	-0.11%	-0.04%	0.02%	賣轉買	連二週賣超			82%		9.28	-0.64%		51.89%
鋼鐵	2015	豐興	-246.0	0.0	305.0	290	535	0.05%	0.05%	0.09%	連三週買超	連二週賣超		創新高	100%	突破10日均價	51.8	0.00%		74.14%
鋼鐵	2017	官田鋼	17.0	0.0	710.0	683	667	0.21%	0.20%	0.20%	賣轉買	賣轉買		創新高	100%	突破5日均價	6.72	5.16%		68.94%
鋼鐵	2022	聚亨	-169.0	0.0	129.0	2062	2228	0.03%	0.43%	0.46%	連二週買超	連二週賣超		創新高	100%		4.0	0.00%		27.73%
鋼鐵	2034	允強	-684.0	0.0	-511.0	-81	539	-0.13%	-0.02%	0.13%	賣轉買	連二週賣超			90%		23.35	-2.10%		50.00%
鋼鐵	3004	豐達科	-102.0	0.0	11.0	0	79	0.02%	0.00%	0.15%	連三週買超	連二週賣超			22%		52.8	-4.00%		17.31%
橡膠	2106	建大	-408.0	0.0	-609.0	-437	-29	-0.07%	-0.05%	-0.00%	連二週賣超	連三週賣超	連二週買超		96%	突破5日均價	28.9	9.47%		51.72%
橡膠	6582	申豐	-238.0	0.0	-741.0	-314	-601	-0.71%	-0.30%	-0.57%	連三週賣超	買轉賣		創新低	0%	突破5日均價	107.5	-8.12%		85.02%
汽車	2228	劍麟	-243.0	2.0	175.0	-265	323	0.23%	-0.35%	0.43%	賣轉買	連二週賣超			20%		84.6	-5.90%		31.03%
汽車	2231	為升	-776.0	2.0	-563.0	-294	-170	-0.46%	-0.24%	-0.14%	連二週賣超	買轉賣	連二週買超		9%	突破10日均價	151.5	3.41%		37.61%
半導體	3686	達能	-78.0	0.0	-8.0	-34	28	-0.01%	-0.03%	0.02%	賣轉買	買轉賣			0%		3.94	-2.96%		66.57%
半導體	4952	凌通	-94.0	0.0	0.0	0	70	0.00%	0.00%	0.06%	賣轉買	買轉賣			5%		28.75	-3.52%		42.86%
電腦週邊	2425	承啟	55.0	0.0	-19.0	131	90	-0.02%	0.13%	0.09%	賣轉買	賣轉買			69%		25.15	-1.76%		9.09%
電腦週邊	3022	威強電	-509.0	0.0	-680.0	-283	102	-0.38%	-0.16%	0.06%	賣轉買	買轉賣			3%	突破10日均價	40.1	-0.74%	2020/05/15	42.81%
電腦週邊	3712	永崴投控	-660.0	0.0	283.0	-123	435	0.11%	-0.05%	0.18%	連二週買超	連二週賣超			44%	突破10日均價	13.65	-4.88%		37.19%
電腦週邊	4916	事欣科	-198.0	0.0	-460.0	1126	1273	-0.55%	1.35%	1.53%	賣轉買	買轉賣			48%		26.3	-3.31%		36.99%
光電	3149	正達	-516.0	0.0	864.0	0	432	0.42%	0.00%	0.21%	連二週買超	連二週賣超			98%	突破5日均價	7.11	5.80%		44.52%
電子零組件	2420	新巨	-73.0	0.0	-6.0	15	70	-0.00%	0.01%	0.05%	連二週買超	連二週賣超		創新高	100%		33.65	-0.88%		70.14%
電子零組件	2467	志聖	-92.0	0.0	-592.0	-89	-18	-0.40%	-0.06%	-0.01%	買轉賣	連二週賣超			86%		28.15	0.90%		84.21%
電子零組件	2493	揚博	65.0	0.0	427.0	1155	1107	0.37%	1.01%	0.97%	賣轉買	連二週買超			45%	突破5日均價	33.3	7.42%		94.31%
電子零組件	6108	競國	-340.0	0.0	227.0	0	266	0.14%	0.00%	0.17%	連二週買超	連二週賣超		創新高	100%	突破10日均價	22.65	2.03%		63.21%
電子通路	3028	增你強	-65.0	0.0	132.0	128	182	0.06%	0.06%	0.09%	連二週買超	連二週賣超		創新高	100%		18.95	-1.04%		60.17%
電子通路	3033	威健	-57.0	0.0	-11.0	-147	-95	-0.00%	-0.04%	-0.03%	連三週賣超	連二週賣超			14%		14.65	-1.68%		51.77%
電子通路	6189	豐藝	-101.0	0.0	-68.0	-1038	-961	-0.04%	-0.58%	-0.54%	連三週賣超	買轉賣			71%	突破5日均價	33.7	1.51%		85.47%
資訊服務	2480	敦陽	463.0	-28.0	-339.0	2095	-624	-0.32%	1.97%	-0.59%	買轉賣	連三週買超			82%		62.9	-1.10%		87.06%
資訊服務	6112	聚碩	1365.0	0.0	619.0	2787	1741	0.33%	1.48%	0.92%	賣轉買	連三週買超			60%	突破5日均價	39.25	1.95%		98.09%
其它電子	5225	東科-KY	-531.0	0.0	-586.0	0	387	-0.95%	0.00%	0.63%	連三週買超	連三週賣超		創新高	100%		25.2	7.01%		13.49%
營建	1808	潤隆	-48.0	0.0	-12.0	0	25	-0.00%	0.00%	0.01%	賣轉買	買轉賣			95%	突破5日均價	59.3	-0.17%		67.37%
營建	2524	京城	-62.0	0.0	916.0	1616	1670	0.24%	0.42%	0.43%	連三週買超	連二週賣超		創新高	100%		31.3	-7.94%		62.92%
航運	2617	台航	-561.0	0.0	-1858.0	41	562	-0.45%	0.01%	0.13%	賣轉買	連二週賣超			80%		15.25	-2.87%		45.74%
航運	5608	四維航	-225.0	0.0	-464.0	-55	141	-0.17%	-0.02%	0.05%	連二週買超	連二週賣超			65%		5.2	-6.31%		22.27%
觀光	2707	晶華	-578.0	0.0	-1207.0	-1452	-894	-0.95%	-1.14%	-0.70%	買轉賣	連三週賣超	連二週買超	創新低	0%		136.5	-1.80%		53.32%
觀光	2727	王品	-163.0	0.0	-58.0	7	49	-0.08%	0.01%	0.06%	賣轉買	買轉賣			3%		65.6	-1.20%		48.62%
觀光	9943	好樂迪	-32.0	0.0	0.0	0	22	0.00%	0.00%	0.01%	連二週買超	連二週賣超			89%		62.5	-1.26%		65.50%
貿易百貨	5907	大洋-KY	-56.0	0.0	-369.0	0	44	-0.19%	0.00%	0.02%	連二週買超	連三週賣超			89%		23.25	-4.52%		55.44%
貿易百貨	8429	金麗-KY	-214.0	0.0	-316.0	352	530	-0.17%	0.19%	0.29%	連三週買超	連二週賣超		創新高	100%		7.1	-6.82%		17.93%
其他	2514	龍邦	39.0	0.0	775.0	323	288	0.19%	0.08%	0.07%	連二週買超	賣轉買			29%		14.75	-1.67%		53.19%
其他	8463	潤泰材	-85.0	0.0	-58.0	-74	-11	-0.04%	-0.05%	-0.01%	買轉賣	連二週賣超			41%		38.4	-0.26%		46.26%
其他	9911	櫻花	-140.0	0.0	-194.0	-265	-157	-0.09%	-0.12%	-0.07%	連三週賣超	連二週賣超			64%		46.15	-3.65%	2019/11/15	65.38%
其他	9914	美利達	282.0	-56.0	379.0	1046	268	0.13%	0.35%	0.09%	賣轉買	連二週買超			36%	突破5日均價	154.0	2.33%		73.66%
其他	9924	福興	-165.0	0.0	-438.0	-37	89	-0.23%	-0.02%	0.05%	賣轉買	連二週賣超		創新高	100%		40.0	-0.37%		61.60%
其他	9940	信義	-297.0	0.0	248.0	294	592	0.03%	0.04%	0.08%	連二週買超	連二週賣超		創新高	100%		25.4	-0.59%		34.58%
其他	9941	裕融	-162.0	0.0	391.0	0	505	0.13%	0.00%	0.17%	賣轉買	連二週賣超	賣轉買	創新高	100%		97.4	-1.91%		53.55%
櫃電機	6122	擎邦	-389.0	0.0	708.0	13	308	1.03%	0.02%	0.45%	連二週買超	連二週賣超			44%		13.7	-5.19%		44.96%
櫃化工	4721	美琪瑪	-37.0	0.0	-107.0	0	-81	-0.14%	0.00%	-0.11%	連三週賣超	連三週賣超			47%		50.6	-5.42%		45.26%
櫃生技	1777	生泰	39.0	0.0	1.0	0	-22	0.00%	0.00%	-0.07%	買轉賣	連三週買超			13%	突破10日均價	83.2	0.85%		80.24%
櫃生技	1799	易威	74.0	0.0	447.0	0	-58	0.36%	0.00%	-0.05%	買轉賣	賣轉買			83%	突破5日均價	11.8	0.00%		52.29%
櫃生技	3118	進階	-10.0	0.0	88.0	0	7	0.27%	0.00%	0.02%	賣轉買	買轉賣			81%		31.05	-6.48%		59.79%
櫃生技	4102	永日	-144.0	0.0	-1211.0	0	104	-2.86%	0.00%	0.25%	賣轉買	買轉賣			35%	突破5日均價	21.25	-2.07%		67.24%
櫃生技	4105	東洋	84.0	43.0	-402.0	-74	-506	-0.16%	-0.03%	-0.20%	買轉賣	賣轉買	賣轉買		20%	突破5日均價	72.7	0.97%	2019/12/06	55.63%
櫃生技	4107	邦特	-173.0	0.0	19.0	-90	114	0.03%	-0.13%	0.16%	連三週買超	連三週賣超		創新高	100%	突破5日均價	116.5	7.87%		64.22%
櫃生技	4111	濟生	64.0	0.0	65.0	34	-12	0.11%	0.06%	-0.02%	連三週賣超	連三週買超			97%	突破5日均價	27.3	1.11%		90.60%
櫃生技	4126	太醫	-20.0	0.0	-71.0	-85	-58	-0.11%	-0.13%	-0.09%	連三週賣超	連二週賣超		創新低	0%	突破5日均價	78.6	2.48%		80.52%
櫃生技	4130	健亞	-21.0	0.0	-126.0	0	15	-0.12%	0.00%	0.01%	賣轉買	買轉賣			31%	突破5日均價	26.9	-1.28%		70.28%
櫃生技	4173	久裕	0.0	0.0	17304.0	3482	0	23.20%	4.67%	0.00%				創新低	0%		18.55	-9.73%		39.01%
櫃生技	4174	浩鼎	-56.0	0.0	129.0	150	165	0.07%	0.08%	0.09%	賣轉買	連二週賣超			59%		93.2	-8.18%		39.47%
櫃生技	6446	藥華藥	518.0	0.0	200.0	-315	-125	0.09%	-0.14%	-0.06%	連三週賣超	買轉賣	連二週買超	創新低	0%	突破5日均價	117.0	2.63%		96.85%
櫃生技	6472	保瑞	114.0	0.0	0.0	0	-54	0.00%	0.00%	-0.13%	買轉賣	連三週買超			43%		145.0	-4.92%		59.68%
櫃生技	6589	台康生技	0.0	0.0	20712.0	4107	0	10.14%	2.01%	0.00%				創新低	0%	突破5日均價	44.45	-5.02%		66.12%
櫃生技	8406	金可-KY	-438.0	0.0	-248.0	0	-29	-0.27%	0.00%	-0.03%	買轉賣	連三週賣超	連二週買超		99%		149.0	-6.88%		29.17%
櫃鋼鐵	5009	榮剛	-495.0	0.0	1338.0	1493	1964	0.29%	0.32%	0.42%	連二週買超	連二週賣超		創新高	100%	突破10日均價	16.6	0.00%		48.62%
櫃鋼鐵	8415	大國鋼	-215.0	0.0	438.0	206	421	0.04%	0.02%	0.04%	連二週買超	買轉賣			15%		25.5	-0.20%		0.00%
櫃半導	3141	晶宏	-67.0	0.0	-453.0	0	49	-0.71%	0.00%	0.08%	賣轉買	買轉賣			98%	突破10日均價	22.3	5.19%		41.39%
櫃半導	6457	紘康	-79.0	0.0	-301.0	0	47	-1.01%	0.00%	0.16%	連二週買超	連三週賣超			12%	突破5日均價	84.0	0.60%		91.84%
櫃半導	6494	九齊	-2.0	0.0	383.0	-31	-30	1.21%	-0.10%	-0.10%	連三週賣超	連二週賣超			20%	突破10日均價	32.95	0.76%		64.62%
櫃電腦	6441	廣錠	270.0	0.0	-189.0	107	-57	-0.61%	0.35%	-0.19%	連二週賣超	連二週買超			23%		78.0	-12.26%		74.31%
櫃光電	3455	由田	-49.0	1.0	-230.0	0	-197	-0.37%	0.00%	-0.32%	連三週賣超	連二週賣超			36%		45.25	-6.89%		38.29%
櫃光電	5245	智晶	-7.0	0.0	-62.0	-44	-40	-0.14%	-0.10%	-0.09%	連三週賣超	買轉賣			50%	突破10日均價	33.8	5.79%		65.10%
櫃光電	5315	光聯	-47.0	0.0	-131.0	297	334	-0.12%	0.28%	0.31%	連三週買超	連二週賣超		創新高	100%		13.2	-0.75%		31.65%
櫃光電	5392	應華	-99.0	0.0	279.0	-199	-122	0.17%	-0.12%	-0.07%	買轉賣	連三週賣超			85%	突破5日均價	24.55	4.03%		44.16%
櫃光電	8049	晶采	-171.0	0.0	278.0	-94	37	0.24%	-0.08%	0.03%	連二週買超	連二週賣超			4%	突破10日均價	21.5	1.42%		90.62%
櫃通信	4903	聯光通	0.0	0.0	532.0	-45	-45	0.59%	-0.05%	-0.05%	連三週賣超				17%	突破10日均價	14.2	10.94%		64.21%
櫃通信	6163	華電網	-96.0	0.0	-784.0	135	210	-0.64%	0.11%	0.17%	連二週買超	買轉賣		創新高	100%		13.85	-5.14%		52.08%
櫃通信	6561	是方	136.0	1.0	127.0	105	104	0.18%	0.15%	0.15%	連二週買超	連三週買超	賣轉買		40%	突破5日均價	313.0	7.93%		100.00%
櫃通信	8171	天宇	358.0	0.0	561.0	-776	-1043	1.11%	-1.53%	-2.06%	連二週賣超	連三週買超		創新低	0%	突破10日均價	14.75	11.74%		78.76%
櫃電零	3609	東林	-2501.0	0.0	-18.0	-18	1785	-0.06%	-0.06%	5.82%	連三週買超	買轉賣		創新高	100%	突破5日均價	22.0	7.58%		66.44%
櫃電零	5481	新華	-39.0	0.0	261.0	276	305	0.35%	0.37%	0.41%	賣轉買	買轉賣			47%		12.7	-1.93%		37.72%
櫃電零	6124	業強	-11.0	0.0	784.0	-1094	-1086	0.43%	-0.60%	-0.60%	買轉賣	買轉賣		創新低	0%		29.0	-10.36%		27.05%
櫃電零	6203	海韻電	76.0	0.0	-872.0	79	27	-1.09%	0.10%	0.03%	連二週買超	連三週買超			57%	突破5日均價	51.0	16.70%		97.70%
櫃電零	6292	迅德	-51.0	0.0	0.0	0	35	0.00%	0.00%	0.07%	賣轉買	買轉賣			11%		35.85	-1.10%		40.47%
櫃通路	3444	利機	143.0	0.0	-1295.0	-1478	-1579	-3.31%	-3.78%	-4.04%	連三週賣超	連三週買超		創新低	0%		34.4	-3.37%		60.16%
櫃他電	5536	聖暉	559.0	0.0	483.0	205	278	0.89%	0.38%	0.51%	連三週買超	連三週買超			57%		206.0	-2.83%		75.21%
櫃他電	6187	萬潤	9.0	0.0	162.0	174	168	0.19%	0.21%	0.20%	連三週買超	賣轉買		創新高	100%	突破10日均價	42.9	2.39%		73.23%
櫃他電	6275	元山	-84.0	0.0	110.0	0	63	0.16%	0.00%	0.09%	連二週買超	連二週賣超			3%	突破10日均價	16.85	2.43%		59.90%
櫃營建	6186	新潤	-98.0	0.0	-2204.0	-3011	-2938	-2.20%	-3.01%	-2.94%	買轉賣	買轉賣			30%		29.8	-2.45%		67.33%
櫃文創	6111	大宇資	68.0	0.0	468.0	0	424	0.95%	0.00%	0.86%	賣轉買	連二週買超			43%		68.0	-3.55%		42.21%
櫃農科	4171	瑞基	-306.0	0.0	-225.0	495	-157	-0.55%	1.22%	-0.39%	買轉賣	買轉賣			95%	突破5日均價	274.5	35.89%		100.00%
櫃其他	8924	大田	28.0	0.0	-397.0	0	-19	-0.47%	0.00%	-0.02%	買轉賣	連二週賣超			80%	突破5日均價	44.0	6.28%		69.70%
櫃其他	8936	國統	-174.0	0.0	604.0	1495	1641	0.24%	0.60%	0.66%	賣轉買	連三週賣超		創新高	100%		17.0	-5.03%		74.03%
櫃其他	8942	森鉅	-81.0	0.0	-270.0	-116	-211	-0.16%	-0.07%	-0.13%	連三週賣超	連三週賣超		創新低	0%		53.6	0.37%		35.56%
金融	2809	京城銀	-2201.0	0.0	1662.0	565	2766	0.15%	0.05%	0.24%	連二週買超	連二週賣超	連二週買超	創新高	100%	突破10日均價	32.1	0.63%		52.23%
